[{"model": "admin.logentry", "pk": 1, "fields": {"action_time": "2022-06-27T17:27:38.798", "user": 3, "content_type": 6, "object_id": "1", "object_repr": "Uzb_uz", "action_flag": 1, "change_message": "[{\"added\": {}}]"}}, {"model": "admin.logentry", "pk": 2, "fields": {"action_time": "2022-06-27T19:27:50.424", "user": 3, "content_type": 28, "object_id": "1", "object_repr": "Пустые контейнер Uz", "action_flag": 1, "change_message": "[{\"added\": {}}]"}}, {"model": "admin.logentry", "pk": 3, "fields": {"action_time": "2022-06-27T20:02:08.781", "user": 3, "content_type": 24, "object_id": "1", "object_repr": "Окрыление Uz", "action_flag": 1, "change_message": "[{\"added\": {}}]"}}, {"model": "admin.logentry", "pk": 4, "fields": {"action_time": "2022-06-28T17:45:04.701", "user": 3, "content_type": 36, "object_id": "1", "object_repr": "Blacklisted token for None", "action_flag": 3, "change_message": ""}}, {"model": "admin.logentry", "pk": 5, "fields": {"action_time": "2022-06-29T10:28:53.949", "user": 3, "content_type": 8, "object_id": "1", "object_repr": "Tashkent Uz", "action_flag": 1, "change_message": "[{\"added\": {}}]"}}, {"model": "admin.logentry", "pk": 6, "fields": {"action_time": "2022-06-29T10:29:29.086", "user": 3, "content_type": 8, "object_id": "2", "object_repr": "Andijon Uz", "action_flag": 1, "change_message": "[{\"added\": {}}]"}}, {"model": "admin.logentry", "pk": 7, "fields": {"action_time": "2022-06-29T10:30:03.856", "user": 3, "content_type": 8, "object_id": "3", "object_repr": "Qashqadaryo Uz", "action_flag": 1, "change_message": "[{\"added\": {}}]"}}, {"model": "admin.logentry", "pk": 8, "fields": {"action_time": "2022-06-29T10:30:47.352", "user": 3, "content_type": 9, "object_id": "1", "object_repr": "Kitob Uz", "action_flag": 1, "change_message": "[{\"added\": {}}]"}}, {"model": "admin.logentry", "pk": 9, "fields": {"action_time": "2022-06-29T10:31:19.913", "user": 3, "content_type": 9, "object_id": "2", "object_repr": "Shahrisabz Uz", "action_flag": 1, "change_message": "[{\"added\": {}}]"}}, {"model": "admin.logentry", "pk": 10, "fields": {"action_time": "2022-06-29T10:31:48.411", "user": 3, "content_type": 9, "object_id": "3", "object_repr": "Chirchiq Uz", "action_flag": 1, "change_message": "[{\"added\": {}}]"}}, {"model": "admin.logentry", "pk": 11, "fields": {"action_time": "2022-06-29T10:32:19.020", "user": 3, "content_type": 9, "object_id": "4", "object_repr": "Parkent Uz", "action_flag": 1, "change_message": "[{\"added\": {}}]"}}, {"model": "admin.logentry", "pk": 12, "fields": {"action_time": "2022-06-29T10:32:50.105", "user": 3, "content_type": 9, "object_id": "5", "object_repr": "Qibaray Uz", "action_flag": 1, "change_message": "[{\"added\": {}}]"}}, {"model": "admin.logentry", "pk": 13, "fields": {"action_time": "2022-06-29T10:33:33.677", "user": 3, "content_type": 7, "object_id": "1", "object_repr": "Unit1Uz", "action_flag": 1, "change_message": "[{\"added\": {}}]"}}, {"model": "admin.logentry", "pk": 14, "fields": {"action_time": "2022-06-29T10:34:00.386", "user": 3, "content_type": 7, "object_id": "2", "object_repr": "Unit2Uz", "action_flag": 1, "change_message": "[{\"added\": {}}]"}}, {"model": "admin.logentry", "pk": 15, "fields": {"action_time": "2022-06-29T10:34:25.398", "user": 3, "content_type": 7, "object_id": "3", "object_repr": "Unit3Uz", "action_flag": 1, "change_message": "[{\"added\": {}}]"}}, {"model": "admin.logentry", "pk": 16, "fields": {"action_time": "2022-06-29T10:47:04.171", "user": 3, "content_type": 27, "object_id": "1", "object_repr": "Active Substance One Uz", "action_flag": 1, "change_message": "[{\"added\": {}}]"}}, {"model": "admin.logentry", "pk": 17, "fields": {"action_time": "2022-06-29T10:47:32.999", "user": 3, "content_type": 27, "object_id": "2", "object_repr": "Active Substance Two Uz", "action_flag": 1, "change_message": "[{\"added\": {}}]"}}, {"model": "admin.logentry", "pk": 18, "fields": {"action_time": "2022-06-29T10:47:55.892", "user": 3, "content_type": 27, "object_id": "3", "object_repr": "Active Substance Three Uz", "action_flag": 1, "change_message": "[{\"added\": {}}]"}}, {"model": "admin.logentry", "pk": 19, "fields": {"action_time": "2022-06-29T10:48:52.257", "user": 3, "content_type": 31, "object_id": "1", "object_repr": "Protective Clothing One Uz", "action_flag": 1, "change_message": "[{\"added\": {}}]"}}, {"model": "admin.logentry", "pk": 20, "fields": {"action_time": "2022-06-29T10:49:21.237", "user": 3, "content_type": 31, "object_id": "2", "object_repr": "Protective Clothing Two Uz", "action_flag": 1, "change_message": "[{\"added\": {}}]"}}, {"model": "admin.logentry", "pk": 21, "fields": {"action_time": "2022-06-29T10:49:44.251", "user": 3, "content_type": 31, "object_id": "3", "object_repr": "Protective Clothing Three Uz", "action_flag": 1, "change_message": "[{\"added\": {}}]"}}, {"model": "admin.logentry", "pk": 22, "fields": {"action_time": "2022-06-29T10:50:36.410", "user": 3, "content_type": 32, "object_id": "1", "object_repr": "Sprayer One Uz", "action_flag": 1, "change_message": "[{\"added\": {}}]"}}, {"model": "admin.logentry", "pk": 23, "fields": {"action_time": "2022-06-29T10:50:58.049", "user": 3, "content_type": 32, "object_id": "2", "object_repr": "Sprayer Two Uz", "action_flag": 1, "change_message": "[{\"added\": {}}]"}}, {"model": "admin.logentry", "pk": 24, "fields": {"action_time": "2022-06-29T10:51:16.617", "user": 3, "content_type": 32, "object_id": "3", "object_repr": "Sprayer Three Uz", "action_flag": 1, "change_message": "[{\"added\": {}}]"}}, {"model": "admin.logentry", "pk": 25, "fields": {"action_time": "2022-06-29T10:53:00.889", "user": 3, "content_type": 29, "object_id": "1", "object_repr": "Formulation One Uz", "action_flag": 1, "change_message": "[{\"added\": {}}]"}}, {"model": "admin.logentry", "pk": 26, "fields": {"action_time": "2022-06-29T10:53:58.047", "user": 3, "content_type": 29, "object_id": "2", "object_repr": "Formulation Two Uz", "action_flag": 1, "change_message": "[{\"added\": {}}]"}}, {"model": "admin.logentry", "pk": 27, "fields": {"action_time": "2022-06-29T10:54:35.662", "user": 3, "content_type": 29, "object_id": "3", "object_repr": "Formulation Three Uz", "action_flag": 1, "change_message": "[{\"added\": {}}]"}}, {"model": "admin.logentry", "pk": 28, "fields": {"action_time": "2022-06-29T10:55:58.800", "user": 3, "content_type": 28, "object_id": "1", "object_repr": "Empty Containers Status One Uz", "action_flag": 2, "change_message": "[{\"changed\": {\"fields\": [\"Name uz\", \"Name en\", \"Name ru\"]}}]"}}, {"model": "admin.logentry", "pk": 29, "fields": {"action_time": "2022-06-29T10:56:17.689", "user": 3, "content_type": 28, "object_id": "2", "object_repr": "Empty Containers Status Two Uz", "action_flag": 1, "change_message": "[{\"added\": {}}]"}}, {"model": "admin.logentry", "pk": 30, "fields": {"action_time": "2022-06-29T10:56:37.709", "user": 3, "content_type": 28, "object_id": "3", "object_repr": "Empty Containers Status Three Uz", "action_flag": 1, "change_message": "[{\"added\": {}}]"}}, {"model": "admin.logentry", "pk": 31, "fields": {"action_time": "2022-06-29T11:30:49.186", "user": 3, "content_type": 30, "object_id": "1", "object_repr": "Insecticide One Uz", "action_flag": 1, "change_message": "[{\"added\": {}}]"}}, {"model": "admin.logentry", "pk": 32, "fields": {"action_time": "2022-06-29T11:31:36.133", "user": 3, "content_type": 30, "object_id": "2", "object_repr": "Insecticide Two  Uz", "action_flag": 1, "change_message": "[{\"added\": {}}]"}}, {"model": "admin.logentry", "pk": 33, "fields": {"action_time": "2022-06-29T11:32:41.239", "user": 3, "content_type": 30, "object_id": "3", "object_repr": "Insecticide Three Uz", "action_flag": 1, "change_message": "[{\"added\": {}}]"}}, {"model": "admin.logentry", "pk": 34, "fields": {"action_time": "2022-06-29T11:50:37.354", "user": 3, "content_type": 15, "object_id": "1", "object_repr": "Locust Stage One Uz", "action_flag": 1, "change_message": "[{\"added\": {}}]"}}, {"model": "admin.logentry", "pk": 35, "fields": {"action_time": "2022-06-29T11:50:54.278", "user": 3, "content_type": 15, "object_id": "2", "object_repr": "Locust Stage Two Uz", "action_flag": 1, "change_message": "[{\"added\": {}}]"}}, {"model": "admin.logentry", "pk": 36, "fields": {"action_time": "2022-06-29T11:51:16.861", "user": 3, "content_type": 15, "object_id": "3", "object_repr": "Locust Stage Three Uz", "action_flag": 1, "change_message": "[{\"added\": {}}]"}}, {"model": "admin.logentry", "pk": 37, "fields": {"action_time": "2022-06-29T11:53:07.789", "user": 3, "content_type": 12, "object_id": "1", "object_repr": "Locust One Uz", "action_flag": 1, "change_message": "[{\"added\": {}}, {\"added\": {\"name\": \"\\u0410\\u043b\\u044c\\u0431\\u043e\\u043c \\u0441\\u0430\\u0440\\u0430\\u043d\\u0447\\u0438\", \"object\": \"/media/locust/Screen_Shot_2021-11-23_at_09.47.33.png\"}}, {\"added\": {\"name\": \"\\u0410\\u043b\\u044c\\u0431\\u043e\\u043c \\u0441\\u0430\\u0440\\u0430\\u043d\\u0447\\u0438\", \"object\": \"/media/locust/Untitled.png\"}}, {\"added\": {\"name\": \"\\u0410\\u043b\\u044c\\u0431\\u043e\\u043c \\u0441\\u0430\\u0440\\u0430\\u043d\\u0447\\u0438\", \"object\": \"/media/locust/Screenshot_from_2022-06-28_10-11-00.png\"}}]"}}, {"model": "admin.logentry", "pk": 38, "fields": {"action_time": "2022-06-29T11:54:41.129", "user": 3, "content_type": 12, "object_id": "2", "object_repr": "Locust Two Uz", "action_flag": 1, "change_message": "[{\"added\": {}}, {\"added\": {\"name\": \"\\u0410\\u043b\\u044c\\u0431\\u043e\\u043c \\u0441\\u0430\\u0440\\u0430\\u043d\\u0447\\u0438\", \"object\": \"/media/locust/Locust__dynobird.com__2022-06-18_10_59_36.png\"}}, {\"added\": {\"name\": \"\\u0410\\u043b\\u044c\\u0431\\u043e\\u043c \\u0441\\u0430\\u0440\\u0430\\u043d\\u0447\\u0438\", \"object\": \"/media/locust/image_2022-04-19_15-37-13.png\"}}]"}}, {"model": "admin.logentry", "pk": 39, "fields": {"action_time": "2022-06-29T11:56:23.570", "user": 3, "content_type": 12, "object_id": "3", "object_repr": "Locust Three Uz", "action_flag": 1, "change_message": "[{\"added\": {}}, {\"added\": {\"name\": \"\\u0410\\u043b\\u044c\\u0431\\u043e\\u043c \\u0441\\u0430\\u0440\\u0430\\u043d\\u0447\\u0438\", \"object\": \"/media/locust/image_2022-04-06_17-10-04.png\"}}, {\"added\": {\"name\": \"\\u0410\\u043b\\u044c\\u0431\\u043e\\u043c \\u0441\\u0430\\u0440\\u0430\\u043d\\u0447\\u0438\", \"object\": \"/media/locust/image_2022-04-19_15-31-01.png\"}}, {\"added\": {\"name\": \"\\u0410\\u043b\\u044c\\u0431\\u043e\\u043c \\u0441\\u0430\\u0440\\u0430\\u043d\\u0447\\u0438\", \"object\": \"/media/locust/EA8A9894.jpg\"}}, {\"added\": {\"name\": \"\\u0410\\u043b\\u044c\\u0431\\u043e\\u043c \\u0441\\u0430\\u0440\\u0430\\u043d\\u0447\\u0438\", \"object\": \"/media/locust/QIlayotgan_Gunohingni_katta-kichikligiga_emas_balki_kimga_jurat_qilib_qilayotganl_MwDQOuJ.png\"}}]"}}, {"model": "admin.logentry", "pk": 40, "fields": {"action_time": "2022-06-29T12:01:34.515", "user": 3, "content_type": 17, "object_id": "1", "object_repr": "Vegetation One Uz", "action_flag": 1, "change_message": "[{\"added\": {}}]"}}, {"model": "admin.logentry", "pk": 41, "fields": {"action_time": "2022-06-29T12:01:50.904", "user": 3, "content_type": 17, "object_id": "2", "object_repr": "Vegetation Two Uz", "action_flag": 1, "change_message": "[{\"added\": {}}]"}}, {"model": "admin.logentry", "pk": 42, "fields": {"action_time": "2022-06-29T12:02:11.784", "user": 3, "content_type": 17, "object_id": "3", "object_repr": "Vegetation Three Uz", "action_flag": 1, "change_message": "[{\"added\": {}}]"}}, {"model": "admin.logentry", "pk": 43, "fields": {"action_time": "2022-06-29T12:02:48.598", "user": 3, "content_type": 14, "object_id": "1", "object_repr": "Locust Appearance One Uz", "action_flag": 1, "change_message": "[{\"added\": {}}]"}}, {"model": "admin.logentry", "pk": 44, "fields": {"action_time": "2022-06-29T12:03:04.511", "user": 3, "content_type": 14, "object_id": "2", "object_repr": "Locust Appearance Two Uz", "action_flag": 1, "change_message": "[{\"added\": {}}]"}}, {"model": "admin.logentry", "pk": 45, "fields": {"action_time": "2022-06-29T12:03:16.212", "user": 3, "content_type": 14, "object_id": "3", "object_repr": "Locust Appearance Three Uz", "action_flag": 1, "change_message": "[{\"added\": {}}]"}}, {"model": "admin.logentry", "pk": 46, "fields": {"action_time": "2022-06-29T12:03:54.378", "user": 3, "content_type": 22, "object_id": "1", "object_repr": "Behaviour One Uz", "action_flag": 1, "change_message": "[{\"added\": {}}]"}}, {"model": "admin.logentry", "pk": 47, "fields": {"action_time": "2022-06-29T12:04:38.155", "user": 3, "content_type": 22, "object_id": "2", "object_repr": "Behaviour Two Uz", "action_flag": 1, "change_message": "[{\"added\": {}}]"}}, {"model": "admin.logentry", "pk": 48, "fields": {"action_time": "2022-06-29T12:04:49.368", "user": 3, "content_type": 22, "object_id": "3", "object_repr": "Behaviour Three Uz", "action_flag": 1, "change_message": "[{\"added\": {}}]"}}, {"model": "admin.logentry", "pk": 49, "fields": {"action_time": "2022-06-29T12:06:58.364", "user": 3, "content_type": 23, "object_id": "1", "object_repr": "Egg Hatching One Uz", "action_flag": 1, "change_message": "[{\"added\": {}}]"}}, {"model": "admin.logentry", "pk": 50, "fields": {"action_time": "2022-06-29T12:07:20.449", "user": 3, "content_type": 23, "object_id": "2", "object_repr": "Egg Hatching Two Uz", "action_flag": 1, "change_message": "[{\"added\": {}}]"}}, {"model": "admin.logentry", "pk": 51, "fields": {"action_time": "2022-06-29T12:07:43.985", "user": 3, "content_type": 23, "object_id": "3", "object_repr": "Egg Hatching Three Uz", "action_flag": 1, "change_message": "[{\"added\": {}}]"}}, {"model": "admin.logentry", "pk": 52, "fields": {"action_time": "2022-06-29T12:08:17.795", "user": 3, "content_type": 24, "object_id": "1", "object_repr": "Fledging One Uz", "action_flag": 2, "change_message": "[{\"changed\": {\"fields\": [\"Name uz\", \"Name en\", \"Name ru\"]}}]"}}, {"model": "admin.logentry", "pk": 53, "fields": {"action_time": "2022-06-29T12:08:41.529", "user": 3, "content_type": 24, "object_id": "2", "object_repr": "Fledging Two Uz", "action_flag": 1, "change_message": "[{\"added\": {}}]"}}, {"model": "admin.logentry", "pk": 54, "fields": {"action_time": "2022-06-29T12:09:06.095", "user": 3, "content_type": 24, "object_id": "3", "object_repr": "Fledging Three Uz", "action_flag": 1, "change_message": "[{\"added\": {}}]"}}, {"model": "admin.logentry", "pk": 55, "fields": {"action_time": "2022-06-29T12:16:33.737", "user": 3, "content_type": 25, "object_id": "1", "object_repr": "Natural Enemy One Uz", "action_flag": 1, "change_message": "[{\"added\": {}}]"}}, {"model": "admin.logentry", "pk": 56, "fields": {"action_time": "2022-06-29T12:16:58.554", "user": 3, "content_type": 25, "object_id": "2", "object_repr": "Natural Enemy Two Uz", "action_flag": 1, "change_message": "[{\"added\": {}}]"}}, {"model": "admin.logentry", "pk": 57, "fields": {"action_time": "2022-06-29T12:17:26.454", "user": 3, "content_type": 25, "object_id": "3", "object_repr": "Natural Enemy Three Uz", "action_flag": 1, "change_message": "[{\"added\": {}}]"}}, {"model": "admin.logentry", "pk": 58, "fields": {"action_time": "2022-06-29T12:18:01.956", "user": 3, "content_type": 18, "object_id": "1", "object_repr": "Vegetation Cover One Uz", "action_flag": 1, "change_message": "[{\"added\": {}}]"}}, {"model": "admin.logentry", "pk": 59, "fields": {"action_time": "2022-06-29T12:18:18.519", "user": 3, "content_type": 18, "object_id": "2", "object_repr": "Vegetation Cover Two Uz", "action_flag": 1, "change_message": "[{\"added\": {}}]"}}, {"model": "admin.logentry", "pk": 60, "fields": {"action_time": "2022-06-29T12:18:36.174", "user": 3, "content_type": 18, "object_id": "3", "object_repr": "Vegetation Cover Three Uz", "action_flag": 1, "change_message": "[{\"added\": {}}]"}}, {"model": "admin.logentry", "pk": 61, "fields": {"action_time": "2022-06-29T12:19:19.203", "user": 3, "content_type": 13, "object_id": "1", "object_repr": "Locust Age One Uz", "action_flag": 1, "change_message": "[{\"added\": {}}]"}}, {"model": "admin.logentry", "pk": 62, "fields": {"action_time": "2022-06-29T12:19:35.185", "user": 3, "content_type": 13, "object_id": "2", "object_repr": "Locust Age Two Uz", "action_flag": 1, "change_message": "[{\"added\": {}}]"}}, {"model": "admin.logentry", "pk": 63, "fields": {"action_time": "2022-06-29T12:20:07.924", "user": 3, "content_type": 13, "object_id": "3", "object_repr": "Locust Age Three Uz", "action_flag": 1, "change_message": "[{\"added\": {}}]"}}, {"model": "admin.logentry", "pk": 64, "fields": {"action_time": "2022-06-29T12:20:42.253", "user": 3, "content_type": 11, "object_id": "1", "object_repr": "Biotope One Uz", "action_flag": 1, "change_message": "[{\"added\": {}}]"}}, {"model": "admin.logentry", "pk": 65, "fields": {"action_time": "2022-06-29T12:21:02.332", "user": 3, "content_type": 11, "object_id": "2", "object_repr": "Biotope Two Uz", "action_flag": 1, "change_message": "[{\"added\": {}}]"}}, {"model": "admin.logentry", "pk": 66, "fields": {"action_time": "2022-06-29T12:21:21.592", "user": 3, "content_type": 11, "object_id": "3", "object_repr": "Biotope Three Uz", "action_flag": 1, "change_message": "[{\"added\": {}}]"}}, {"model": "admin.logentry", "pk": 67, "fields": {"action_time": "2022-06-30T10:18:25.456", "user": 3, "content_type": 10, "object_id": "3", "object_repr": "", "action_flag": 2, "change_message": "[{\"changed\": {\"fields\": [\"First name\", \"Last name\", \"Email\"]}}]"}}, {"model": "admin.logentry", "pk": 68, "fields": {"action_time": "2022-06-30T10:58:39.495", "user": 3, "content_type": 3, "object_id": "1", "object_repr": "Republic Manager", "action_flag": 1, "change_message": "[{\"added\": {}}]"}}, {"model": "admin.logentry", "pk": 69, "fields": {"action_time": "2022-06-30T10:58:50.990", "user": 3, "content_type": 3, "object_id": "2", "object_repr": "Region Manager", "action_flag": 1, "change_message": "[{\"added\": {}}]"}}, {"model": "admin.logentry", "pk": 70, "fields": {"action_time": "2022-06-30T10:59:07.173", "user": 3, "content_type": 3, "object_id": "3", "object_repr": "Agronomist", "action_flag": 1, "change_message": "[{\"added\": {}}]"}}, {"model": "admin.logentry", "pk": 71, "fields": {"action_time": "2022-06-30T10:59:13.536", "user": 3, "content_type": 3, "object_id": "4", "object_repr": "Fumigator", "action_flag": 1, "change_message": "[{\"added\": {}}]"}}, {"model": "admin.logentry", "pk": 72, "fields": {"action_time": "2022-06-30T11:03:56.972", "user": 3, "content_type": 10, "object_id": "5", "object_repr": "MMA UZ", "action_flag": 1, "change_message": "[{\"added\": {}}]"}}, {"model": "admin.logentry", "pk": 73, "fields": {"action_time": "2022-06-30T11:17:21.165", "user": 3, "content_type": 16, "object_id": "3", "object_repr": "Quyioqboy", "action_flag": 1, "change_message": "[{\"added\": {}}]"}}, {"model": "admin.logentry", "pk": 74, "fields": {"action_time": "2022-06-30T11:17:33.138", "user": 3, "content_type": 16, "object_id": "3", "object_repr": "Quyioqboy", "action_flag": 2, "change_message": "[{\"changed\": {\"fields\": [\"Status\"]}}]"}}, {"model": "admin.logentry", "pk": 75, "fields": {"action_time": "2022-06-30T11:23:11.880", "user": 3, "content_type": 16, "object_id": "3", "object_repr": "Quyioqboy", "action_flag": 2, "change_message": "[{\"added\": {\"name\": \"survey album\", \"object\": \"/media/survey/djangoforprofessionals.jpeg\"}}, {\"added\": {\"name\": \"survey album\", \"object\": \"/media/survey/%D0%9F%D1%80%D0%BE%D0%B5%D0%BA%D1%82%D1%8B_BEHy1lT.png\"}}]"}}, {"model": "admin.logentry", "pk": 76, "fields": {"action_time": "2022-06-30T11:25:38.583", "user": 3, "content_type": 16, "object_id": "3", "object_repr": "Quyioqboy", "action_flag": 2, "change_message": "[{\"added\": {\"name\": \"locust appearance detail info\", \"object\": \"Quyioqboy\"}}]"}}, {"model": "admin.logentry", "pk": 77, "fields": {"action_time": "2022-07-02T08:10:10.349", "user": 3, "content_type": 16, "object_id": "46", "object_repr": "Quyioqboy9", "action_flag": 3, "change_message": ""}}, {"model": "admin.logentry", "pk": 78, "fields": {"action_time": "2022-07-02T08:10:10.359", "user": 3, "content_type": 16, "object_id": "45", "object_repr": "Quyioqboy8", "action_flag": 3, "change_message": ""}}, {"model": "admin.logentry", "pk": 79, "fields": {"action_time": "2022-07-02T08:10:10.361", "user": 3, "content_type": 16, "object_id": "44", "object_repr": "Quyioqboy7", "action_flag": 3, "change_message": ""}}, {"model": "admin.logentry", "pk": 80, "fields": {"action_time": "2022-07-02T08:10:10.362", "user": 3, "content_type": 16, "object_id": "31", "object_repr": "Quyioqboy6", "action_flag": 3, "change_message": ""}}, {"model": "admin.logentry", "pk": 81, "fields": {"action_time": "2022-07-02T08:10:10.363", "user": 3, "content_type": 16, "object_id": "29", "object_repr": "Quyioqboy5", "action_flag": 3, "change_message": ""}}, {"model": "admin.logentry", "pk": 82, "fields": {"action_time": "2022-07-02T08:10:10.364", "user": 3, "content_type": 16, "object_id": "28", "object_repr": "Quyioqboy4", "action_flag": 3, "change_message": ""}}, {"model": "admin.logentry", "pk": 83, "fields": {"action_time": "2022-07-02T08:10:10.364", "user": 3, "content_type": 16, "object_id": "27", "object_repr": "Quyioqboy4", "action_flag": 3, "change_message": ""}}, {"model": "admin.logentry", "pk": 84, "fields": {"action_time": "2022-07-02T08:10:10.365", "user": 3, "content_type": 16, "object_id": "26", "object_repr": "Quyioqboy4", "action_flag": 3, "change_message": ""}}, {"model": "admin.logentry", "pk": 85, "fields": {"action_time": "2022-07-02T08:10:10.366", "user": 3, "content_type": 16, "object_id": "25", "object_repr": "Quyioqboy3", "action_flag": 3, "change_message": ""}}, {"model": "admin.logentry", "pk": 86, "fields": {"action_time": "2022-07-02T08:10:10.367", "user": 3, "content_type": 16, "object_id": "24", "object_repr": "Quyioqboy2", "action_flag": 3, "change_message": ""}}, {"model": "admin.logentry", "pk": 87, "fields": {"action_time": "2022-07-02T08:10:18.891", "user": 3, "content_type": 16, "object_id": "23", "object_repr": "Quyioqboy", "action_flag": 3, "change_message": ""}}, {"model": "admin.logentry", "pk": 88, "fields": {"action_time": "2022-07-02T17:51:05.094", "user": 3, "content_type": 16, "object_id": "64", "object_repr": "Quyioqboy8", "action_flag": 2, "change_message": "[{\"changed\": {\"name\": \"locust appearance detail info\", \"object\": \"Quyioqboy8\", \"fields\": [\"Adult maturity\"]}}]"}}, {"model": "admin.logentry", "pk": 89, "fields": {"action_time": "2022-07-03T08:38:37.659", "user": 3, "content_type": 16, "object_id": "3", "object_repr": "Quyioqboy", "action_flag": 2, "change_message": "[{\"deleted\": {\"name\": \"locust appearance detail info\", \"object\": \"Quyioqboy\"}}]"}}, {"model": "admin.logentry", "pk": 90, "fields": {"action_time": "2022-07-03T08:41:21.747", "user": 3, "content_type": 16, "object_id": "3", "object_repr": "Quyioqboy", "action_flag": 2, "change_message": "[{\"deleted\": {\"name\": \"locust appearance detail info\", \"object\": \"Quyioqboy\"}}]"}}, {"model": "admin.logentry", "pk": 91, "fields": {"action_time": "2022-07-03T08:51:28.080", "user": 3, "content_type": 16, "object_id": "3", "object_repr": "Quyioqboy", "action_flag": 2, "change_message": "[{\"deleted\": {\"name\": \"locust appearance detail info\", \"object\": \"Quyioqboy\"}}]"}}, {"model": "admin.logentry", "pk": 92, "fields": {"action_time": "2022-07-03T12:16:42.397", "user": 3, "content_type": 16, "object_id": "101", "object_repr": "Quyioqboy11111", "action_flag": 3, "change_message": ""}}, {"model": "admin.logentry", "pk": 93, "fields": {"action_time": "2022-07-03T12:16:42.400", "user": 3, "content_type": 16, "object_id": "100", "object_repr": "Quyioqboy11111", "action_flag": 3, "change_message": ""}}, {"model": "admin.logentry", "pk": 94, "fields": {"action_time": "2022-07-03T12:16:42.401", "user": 3, "content_type": 16, "object_id": "99", "object_repr": "Quyioqboy11111", "action_flag": 3, "change_message": ""}}, {"model": "admin.logentry", "pk": 95, "fields": {"action_time": "2022-07-03T12:16:42.402", "user": 3, "content_type": 16, "object_id": "98", "object_repr": "Quyioqboy11111", "action_flag": 3, "change_message": ""}}, {"model": "admin.logentry", "pk": 96, "fields": {"action_time": "2022-07-03T12:16:42.402", "user": 3, "content_type": 16, "object_id": "97", "object_repr": "Quyioqboy11111", "action_flag": 3, "change_message": ""}}, {"model": "admin.logentry", "pk": 97, "fields": {"action_time": "2022-07-03T12:16:42.403", "user": 3, "content_type": 16, "object_id": "96", "object_repr": "Quyioqboy11111", "action_flag": 3, "change_message": ""}}, {"model": "admin.logentry", "pk": 98, "fields": {"action_time": "2022-07-03T12:16:42.404", "user": 3, "content_type": 16, "object_id": "95", "object_repr": "Quyioqboy11111", "action_flag": 3, "change_message": ""}}, {"model": "admin.logentry", "pk": 99, "fields": {"action_time": "2022-07-03T12:16:42.405", "user": 3, "content_type": 16, "object_id": "94", "object_repr": "Quyioqboy11111", "action_flag": 3, "change_message": ""}}, {"model": "admin.logentry", "pk": 100, "fields": {"action_time": "2022-07-03T12:16:42.405", "user": 3, "content_type": 16, "object_id": "91", "object_repr": "Quyioqboy11111", "action_flag": 3, "change_message": ""}}, {"model": "admin.logentry", "pk": 101, "fields": {"action_time": "2022-07-03T12:16:42.406", "user": 3, "content_type": 16, "object_id": "90", "object_repr": "Quyioqboy11111", "action_flag": 3, "change_message": ""}}, {"model": "admin.logentry", "pk": 102, "fields": {"action_time": "2022-07-03T12:16:42.407", "user": 3, "content_type": 16, "object_id": "89", "object_repr": "Quyioqboy11110", "action_flag": 3, "change_message": ""}}, {"model": "admin.logentry", "pk": 103, "fields": {"action_time": "2022-07-03T12:16:42.407", "user": 3, "content_type": 16, "object_id": "88", "object_repr": "Quyioqboy11110", "action_flag": 3, "change_message": ""}}, {"model": "admin.logentry", "pk": 104, "fields": {"action_time": "2022-07-03T12:16:42.408", "user": 3, "content_type": 16, "object_id": "87", "object_repr": "Quyioqboy11110", "action_flag": 3, "change_message": ""}}, {"model": "admin.logentry", "pk": 105, "fields": {"action_time": "2022-07-03T12:16:42.409", "user": 3, "content_type": 16, "object_id": "86", "object_repr": "Quyioqboy11110", "action_flag": 3, "change_message": ""}}, {"model": "admin.logentry", "pk": 106, "fields": {"action_time": "2022-07-03T12:16:42.409", "user": 3, "content_type": 16, "object_id": "85", "object_repr": "Quyioqboy11110", "action_flag": 3, "change_message": ""}}, {"model": "admin.logentry", "pk": 107, "fields": {"action_time": "2022-07-03T12:16:42.410", "user": 3, "content_type": 16, "object_id": "84", "object_repr": "Quyioqboy11110", "action_flag": 3, "change_message": ""}}, {"model": "admin.logentry", "pk": 108, "fields": {"action_time": "2022-07-03T12:16:42.411", "user": 3, "content_type": 16, "object_id": "83", "object_repr": "Quyioqboy11110", "action_flag": 3, "change_message": ""}}, {"model": "admin.logentry", "pk": 109, "fields": {"action_time": "2022-07-03T12:16:42.411", "user": 3, "content_type": 16, "object_id": "82", "object_repr": "Quyioqboy11110", "action_flag": 3, "change_message": ""}}, {"model": "admin.logentry", "pk": 110, "fields": {"action_time": "2022-07-03T12:16:42.412", "user": 3, "content_type": 16, "object_id": "81", "object_repr": "Quyioqboy11110", "action_flag": 3, "change_message": ""}}, {"model": "admin.logentry", "pk": 111, "fields": {"action_time": "2022-07-03T12:16:42.413", "user": 3, "content_type": 16, "object_id": "80", "object_repr": "Quyioqboy11110", "action_flag": 3, "change_message": ""}}, {"model": "admin.logentry", "pk": 112, "fields": {"action_time": "2022-07-03T12:16:42.414", "user": 3, "content_type": 16, "object_id": "79", "object_repr": "Quyioqboy11110", "action_flag": 3, "change_message": ""}}, {"model": "admin.logentry", "pk": 113, "fields": {"action_time": "2022-07-03T12:16:42.414", "user": 3, "content_type": 16, "object_id": "78", "object_repr": "Quyioqboy11110", "action_flag": 3, "change_message": ""}}, {"model": "admin.logentry", "pk": 114, "fields": {"action_time": "2022-07-03T12:16:42.415", "user": 3, "content_type": 16, "object_id": "77", "object_repr": "Quyioqboy11110", "action_flag": 3, "change_message": ""}}, {"model": "admin.logentry", "pk": 115, "fields": {"action_time": "2022-07-03T12:16:42.416", "user": 3, "content_type": 16, "object_id": "76", "object_repr": "Quyioqboy11110", "action_flag": 3, "change_message": ""}}, {"model": "admin.logentry", "pk": 116, "fields": {"action_time": "2022-07-03T12:16:42.417", "user": 3, "content_type": 16, "object_id": "75", "object_repr": "Quyioqboy110", "action_flag": 3, "change_message": ""}}, {"model": "admin.logentry", "pk": 117, "fields": {"action_time": "2022-07-03T12:16:42.417", "user": 3, "content_type": 16, "object_id": "74", "object_repr": "Quyioqboy110", "action_flag": 3, "change_message": ""}}, {"model": "admin.logentry", "pk": 118, "fields": {"action_time": "2022-07-03T12:16:42.418", "user": 3, "content_type": 16, "object_id": "73", "object_repr": "Quyioqboy110", "action_flag": 3, "change_message": ""}}, {"model": "admin.logentry", "pk": 119, "fields": {"action_time": "2022-07-03T12:16:42.419", "user": 3, "content_type": 16, "object_id": "72", "object_repr": "Quyioqboy10", "action_flag": 3, "change_message": ""}}, {"model": "admin.logentry", "pk": 120, "fields": {"action_time": "2022-07-03T12:16:42.420", "user": 3, "content_type": 16, "object_id": "71", "object_repr": "Quyioqboy10", "action_flag": 3, "change_message": ""}}, {"model": "admin.logentry", "pk": 121, "fields": {"action_time": "2022-07-03T12:16:42.420", "user": 3, "content_type": 16, "object_id": "70", "object_repr": "Quyioqboy10", "action_flag": 3, "change_message": ""}}, {"model": "admin.logentry", "pk": 122, "fields": {"action_time": "2022-07-03T12:16:42.421", "user": 3, "content_type": 16, "object_id": "69", "object_repr": "Quyioqboy10", "action_flag": 3, "change_message": ""}}, {"model": "admin.logentry", "pk": 123, "fields": {"action_time": "2022-07-03T12:16:42.422", "user": 3, "content_type": 16, "object_id": "68", "object_repr": "Quyioqboy10", "action_flag": 3, "change_message": ""}}, {"model": "admin.logentry", "pk": 124, "fields": {"action_time": "2022-07-03T12:16:42.422", "user": 3, "content_type": 16, "object_id": "67", "object_repr": "Quyioqboy10", "action_flag": 3, "change_message": ""}}, {"model": "admin.logentry", "pk": 125, "fields": {"action_time": "2022-07-03T12:16:42.423", "user": 3, "content_type": 16, "object_id": "66", "object_repr": "Quyioqboy10", "action_flag": 3, "change_message": ""}}, {"model": "admin.logentry", "pk": 126, "fields": {"action_time": "2022-07-03T12:16:42.424", "user": 3, "content_type": 16, "object_id": "65", "object_repr": "Quyioqboy10", "action_flag": 3, "change_message": ""}}, {"model": "admin.logentry", "pk": 127, "fields": {"action_time": "2022-07-03T12:16:42.424", "user": 3, "content_type": 16, "object_id": "64", "object_repr": "Quyioqboy8", "action_flag": 3, "change_message": ""}}, {"model": "admin.logentry", "pk": 128, "fields": {"action_time": "2022-07-03T12:16:42.425", "user": 3, "content_type": 16, "object_id": "63", "object_repr": "Quyioqboy8", "action_flag": 3, "change_message": ""}}, {"model": "admin.logentry", "pk": 129, "fields": {"action_time": "2022-07-03T12:16:42.425", "user": 3, "content_type": 16, "object_id": "62", "object_repr": "Quyioqboy8", "action_flag": 3, "change_message": ""}}, {"model": "admin.logentry", "pk": 130, "fields": {"action_time": "2022-07-03T12:16:42.426", "user": 3, "content_type": 16, "object_id": "61", "object_repr": "Quyioqboy8", "action_flag": 3, "change_message": ""}}, {"model": "admin.logentry", "pk": 131, "fields": {"action_time": "2022-07-03T12:16:42.427", "user": 3, "content_type": 16, "object_id": "60", "object_repr": "Quyioqboy7", "action_flag": 3, "change_message": ""}}, {"model": "admin.logentry", "pk": 132, "fields": {"action_time": "2022-07-03T12:16:42.427", "user": 3, "content_type": 16, "object_id": "59", "object_repr": "Quyioqboy7", "action_flag": 3, "change_message": ""}}, {"model": "admin.logentry", "pk": 133, "fields": {"action_time": "2022-07-03T12:16:42.428", "user": 3, "content_type": 16, "object_id": "58", "object_repr": "Quyioqboy7", "action_flag": 3, "change_message": ""}}, {"model": "admin.logentry", "pk": 134, "fields": {"action_time": "2022-07-03T12:16:42.428", "user": 3, "content_type": 16, "object_id": "57", "object_repr": "Quyioqboy7", "action_flag": 3, "change_message": ""}}, {"model": "admin.logentry", "pk": 135, "fields": {"action_time": "2022-07-03T12:16:42.429", "user": 3, "content_type": 16, "object_id": "56", "object_repr": "Quyioqboy7", "action_flag": 3, "change_message": ""}}, {"model": "admin.logentry", "pk": 136, "fields": {"action_time": "2022-07-03T12:16:42.430", "user": 3, "content_type": 16, "object_id": "55", "object_repr": "Quyioqboy7", "action_flag": 3, "change_message": ""}}, {"model": "admin.logentry", "pk": 137, "fields": {"action_time": "2022-07-03T12:16:42.430", "user": 3, "content_type": 16, "object_id": "54", "object_repr": "Quyioqboy7", "action_flag": 3, "change_message": ""}}, {"model": "admin.logentry", "pk": 138, "fields": {"action_time": "2022-07-03T12:16:42.431", "user": 3, "content_type": 16, "object_id": "53", "object_repr": "Quyioqboy7", "action_flag": 3, "change_message": ""}}, {"model": "admin.logentry", "pk": 139, "fields": {"action_time": "2022-07-03T12:16:42.431", "user": 3, "content_type": 16, "object_id": "52", "object_repr": "Quyioqboy6", "action_flag": 3, "change_message": ""}}, {"model": "admin.logentry", "pk": 140, "fields": {"action_time": "2022-07-03T12:16:42.432", "user": 3, "content_type": 16, "object_id": "51", "object_repr": "Quyioqboy4", "action_flag": 3, "change_message": ""}}, {"model": "admin.logentry", "pk": 141, "fields": {"action_time": "2022-07-03T12:16:42.433", "user": 3, "content_type": 16, "object_id": "50", "object_repr": "Quyioqboy3", "action_flag": 3, "change_message": ""}}, {"model": "admin.logentry", "pk": 142, "fields": {"action_time": "2022-07-03T12:16:42.433", "user": 3, "content_type": 16, "object_id": "49", "object_repr": "Quyioqboy2", "action_flag": 3, "change_message": ""}}, {"model": "admin.logentry", "pk": 143, "fields": {"action_time": "2022-07-03T12:16:42.434", "user": 3, "content_type": 16, "object_id": "48", "object_repr": "Quyioqboy1", "action_flag": 3, "change_message": ""}}, {"model": "admin.logentry", "pk": 144, "fields": {"action_time": "2022-07-03T12:16:42.434", "user": 3, "content_type": 16, "object_id": "47", "object_repr": "Quyioqboy1", "action_flag": 3, "change_message": ""}}, {"model": "admin.logentry", "pk": 145, "fields": {"action_time": "2022-07-13T15:03:15.795", "user": 3, "content_type": 16, "object_id": "109", "object_repr": "Quyioqboy5", "action_flag": 3, "change_message": ""}}, {"model": "admin.logentry", "pk": 146, "fields": {"action_time": "2022-07-13T17:29:10.260", "user": 3, "content_type": 16, "object_id": "120", "object_repr": "Riza", "action_flag": 3, "change_message": ""}}, {"model": "admin.logentry", "pk": 147, "fields": {"action_time": "2022-07-13T17:29:10.262", "user": 3, "content_type": 16, "object_id": "119", "object_repr": "Quyioqboy6", "action_flag": 3, "change_message": ""}}, {"model": "admin.logentry", "pk": 148, "fields": {"action_time": "2022-07-13T17:29:10.263", "user": 3, "content_type": 16, "object_id": "118", "object_repr": "Quyioqboy6", "action_flag": 3, "change_message": ""}}, {"model": "admin.logentry", "pk": 149, "fields": {"action_time": "2022-07-13T17:29:10.264", "user": 3, "content_type": 16, "object_id": "117", "object_repr": "Quyioqboy5", "action_flag": 3, "change_message": ""}}, {"model": "admin.logentry", "pk": 150, "fields": {"action_time": "2022-07-13T17:29:10.265", "user": 3, "content_type": 16, "object_id": "116", "object_repr": "Quyioqboy5", "action_flag": 3, "change_message": ""}}, {"model": "admin.logentry", "pk": 151, "fields": {"action_time": "2022-07-13T17:29:10.265", "user": 3, "content_type": 16, "object_id": "115", "object_repr": "Quyioqboy5", "action_flag": 3, "change_message": ""}}, {"model": "admin.logentry", "pk": 152, "fields": {"action_time": "2022-07-13T17:29:10.266", "user": 3, "content_type": 16, "object_id": "114", "object_repr": "Quyioqboy5", "action_flag": 3, "change_message": ""}}, {"model": "admin.logentry", "pk": 153, "fields": {"action_time": "2022-07-13T17:29:10.267", "user": 3, "content_type": 16, "object_id": "113", "object_repr": "Quyioqboy5", "action_flag": 3, "change_message": ""}}, {"model": "admin.logentry", "pk": 154, "fields": {"action_time": "2022-07-13T17:29:10.268", "user": 3, "content_type": 16, "object_id": "112", "object_repr": "Quyioqboy5", "action_flag": 3, "change_message": ""}}, {"model": "admin.logentry", "pk": 155, "fields": {"action_time": "2022-07-13T17:29:10.268", "user": 3, "content_type": 16, "object_id": "111", "object_repr": "Quyioqboy5", "action_flag": 3, "change_message": ""}}, {"model": "admin.logentry", "pk": 156, "fields": {"action_time": "2022-07-13T17:29:10.269", "user": 3, "content_type": 16, "object_id": "110", "object_repr": "Quyioqboy5", "action_flag": 3, "change_message": ""}}, {"model": "admin.logentry", "pk": 157, "fields": {"action_time": "2022-07-13T17:29:10.270", "user": 3, "content_type": 16, "object_id": "108", "object_repr": "Quyioqboy4", "action_flag": 3, "change_message": ""}}, {"model": "admin.logentry", "pk": 158, "fields": {"action_time": "2022-07-13T17:29:10.270", "user": 3, "content_type": 16, "object_id": "107", "object_repr": "Quyioqboy4", "action_flag": 3, "change_message": ""}}, {"model": "admin.logentry", "pk": 159, "fields": {"action_time": "2022-07-13T17:29:10.271", "user": 3, "content_type": 16, "object_id": "106", "object_repr": "Quyioqboy3", "action_flag": 3, "change_message": ""}}, {"model": "admin.logentry", "pk": 160, "fields": {"action_time": "2022-07-13T17:29:10.271", "user": 3, "content_type": 16, "object_id": "105", "object_repr": "Quyioqboy3", "action_flag": 3, "change_message": ""}}, {"model": "admin.logentry", "pk": 161, "fields": {"action_time": "2022-07-13T17:29:10.272", "user": 3, "content_type": 16, "object_id": "104", "object_repr": "Quyioqboy2", "action_flag": 3, "change_message": ""}}, {"model": "admin.logentry", "pk": 162, "fields": {"action_time": "2022-07-13T17:29:10.273", "user": 3, "content_type": 16, "object_id": "103", "object_repr": "Quyioqboy2", "action_flag": 3, "change_message": ""}}, {"model": "admin.logentry", "pk": 163, "fields": {"action_time": "2022-07-13T17:35:35.245", "user": 3, "content_type": 38, "object_id": "1", "object_repr": "Swarm Density One Uz", "action_flag": 1, "change_message": "[{\"added\": {}}]"}}, {"model": "admin.logentry", "pk": 164, "fields": {"action_time": "2022-07-13T17:35:48.968", "user": 3, "content_type": 38, "object_id": "2", "object_repr": "Swarm Density Two Uz", "action_flag": 1, "change_message": "[{\"added\": {}}]"}}, {"model": "admin.logentry", "pk": 165, "fields": {"action_time": "2022-07-13T17:36:05.365", "user": 3, "content_type": 38, "object_id": "3", "object_repr": "Swarm Density Three Uz", "action_flag": 1, "change_message": "[{\"added\": {}}]"}}, {"model": "admin.logentry", "pk": 166, "fields": {"action_time": "2022-07-15T09:43:10.245", "user": 3, "content_type": 3, "object_id": "5", "object_repr": "Predictor", "action_flag": 1, "change_message": "[{\"added\": {}}]"}}, {"model": "admin.logentry", "pk": 167, "fields": {"action_time": "2022-07-15T09:44:12.248", "user": 3, "content_type": 3, "object_id": "6", "object_repr": "Warehouse Manager", "action_flag": 1, "change_message": "[{\"added\": {}}]"}}, {"model": "admin.logentry", "pk": 168, "fields": {"action_time": "2022-07-15T10:06:23.056", "user": 3, "content_type": 10, "object_id": "5", "object_repr": "MMA UZ", "action_flag": 2, "change_message": "[{\"changed\": {\"fields\": [\"Groups\"]}}]"}}, {"model": "admin.logentry", "pk": 169, "fields": {"action_time": "2022-07-15T23:42:56.081", "user": 3, "content_type": 10, "object_id": "5", "object_repr": "MMA UZ", "action_flag": 2, "change_message": "[{\"changed\": {\"fields\": [\"Groups\"]}}]"}}, {"model": "admin.logentry", "pk": 170, "fields": {"action_time": "2022-07-15T23:44:45.562", "user": 3, "content_type": 10, "object_id": "5", "object_repr": "MMA UZ", "action_flag": 2, "change_message": "[{\"changed\": {\"fields\": [\"Groups\"]}}]"}}, {"model": "admin.logentry", "pk": 171, "fields": {"action_time": "2022-07-15T23:45:40.949", "user": 3, "content_type": 10, "object_id": "5", "object_repr": "MMA UZ", "action_flag": 2, "change_message": "[{\"changed\": {\"fields\": [\"Groups\"]}}]"}}, {"model": "admin.logentry", "pk": 172, "fields": {"action_time": "2022-07-15T23:45:53.410", "user": 3, "content_type": 10, "object_id": "5", "object_repr": "MMA UZ", "action_flag": 2, "change_message": "[{\"changed\": {\"fields\": [\"Groups\"]}}]"}}, {"model": "admin.logentry", "pk": 173, "fields": {"action_time": "2022-07-15T23:46:08.360", "user": 3, "content_type": 10, "object_id": "5", "object_repr": "MMA UZ", "action_flag": 2, "change_message": "[{\"changed\": {\"fields\": [\"Groups\"]}}]"}}, {"model": "admin.logentry", "pk": 174, "fields": {"action_time": "2022-07-15T23:48:42.588", "user": 3, "content_type": 10, "object_id": "5", "object_repr": "MMA UZ", "action_flag": 2, "change_message": "[{\"changed\": {\"fields\": [\"Groups\"]}}]"}}, {"model": "admin.logentry", "pk": 175, "fields": {"action_time": "2022-07-15T23:50:14.634", "user": 3, "content_type": 10, "object_id": "5", "object_repr": "MMA UZ", "action_flag": 2, "change_message": "[{\"changed\": {\"fields\": [\"Groups\"]}}]"}}, {"model": "admin.logentry", "pk": 176, "fields": {"action_time": "2022-07-15T23:50:31.940", "user": 3, "content_type": 10, "object_id": "5", "object_repr": "MMA UZ", "action_flag": 2, "change_message": "[{\"changed\": {\"fields\": [\"Groups\"]}}]"}}, {"model": "admin.logentry", "pk": 177, "fields": {"action_time": "2022-07-15T23:51:24.069", "user": 3, "content_type": 10, "object_id": "5", "object_repr": "MMA UZ", "action_flag": 2, "change_message": "[{\"changed\": {\"fields\": [\"Groups\"]}}]"}}, {"model": "admin.logentry", "pk": 178, "fields": {"action_time": "2022-07-15T23:54:42.931", "user": 3, "content_type": 10, "object_id": "5", "object_repr": "MMA UZ", "action_flag": 2, "change_message": "[{\"changed\": {\"fields\": [\"Groups\"]}}]"}}, {"model": "admin.logentry", "pk": 179, "fields": {"action_time": "2022-07-16T10:57:36.303", "user": 3, "content_type": 10, "object_id": "5", "object_repr": "MMA UZ", "action_flag": 2, "change_message": "[{\"changed\": {\"fields\": [\"Groups\"]}}]"}}, {"model": "admin.logentry", "pk": 180, "fields": {"action_time": "2022-07-16T10:58:54.421", "user": 3, "content_type": 10, "object_id": "5", "object_repr": "MMA UZ", "action_flag": 2, "change_message": "[{\"changed\": {\"fields\": [\"Groups\"]}}]"}}, {"model": "admin.logentry", "pk": 181, "fields": {"action_time": "2022-07-16T22:30:17.713", "user": 3, "content_type": 16, "object_id": "124", "object_repr": "Quyioqboy7", "action_flag": 2, "change_message": "[{\"changed\": {\"fields\": [\"Status\"]}}]"}}, {"model": "admin.logentry", "pk": 182, "fields": {"action_time": "2022-07-18T11:09:48.362", "user": 3, "content_type": 16, "object_id": "3", "object_repr": "Quyioqboy4", "action_flag": 2, "change_message": "[{\"deleted\": {\"name\": \"\\u0410\\u043a\\u0442 \\u041e\\u0431\\u0441\\u043b\\u0435\\u0434\\u043e\\u0432\\u0430\\u043d\\u0438\\u044f \\u0441\\u0430\\u0440\\u0430\\u043d\\u0447\\u0438\", \"object\": \"220300001\"}}]"}}, {"model": "admin.logentry", "pk": 183, "fields": {"action_time": "2022-07-18T11:10:27.948", "user": 3, "content_type": 16, "object_id": "3", "object_repr": "Quyioqboy4", "action_flag": 2, "change_message": "[{\"deleted\": {\"name\": \"\\u0410\\u043a\\u0442 \\u041e\\u0431\\u0441\\u043b\\u0435\\u0434\\u043e\\u0432\\u0430\\u043d\\u0438\\u044f \\u0441\\u0430\\u0440\\u0430\\u043d\\u0447\\u0438\", \"object\": \"220300003\"}}]"}}, {"model": "admin.logentry", "pk": 184, "fields": {"action_time": "2022-07-18T13:06:53.218", "user": 3, "content_type": 10, "object_id": "5", "object_repr": "MMA UZ", "action_flag": 2, "change_message": "[{\"changed\": {\"fields\": [\"Region\"]}}]"}}, {"model": "admin.logentry", "pk": 185, "fields": {"action_time": "2022-07-18T13:30:24.877", "user": 3, "content_type": 16, "object_id": "124", "object_repr": "Quyioqboy7", "action_flag": 2, "change_message": "[{\"deleted\": {\"name\": \"survey album\", \"object\": \"/media/survey/Screen_Shot_2022-07-08_at_17.48.46_0SySmxE.png\"}}, {\"deleted\": {\"name\": \"survey album\", \"object\": \"/media/survey/Screen_Shot_2022-07-08_at_17.48.46_7z0yLhl.png\"}}, {\"deleted\": {\"name\": \"survey album\", \"object\": \"/media/survey/Screen_Shot_2022-07-08_at_17.48.46_v6KIp2G.png\"}}]"}}, {"model": "admin.logentry", "pk": 186, "fields": {"action_time": "2022-07-18T14:06:33.075", "user": 3, "content_type": 16, "object_id": "102", "object_repr": "Quyioqboy2", "action_flag": 2, "change_message": "[{\"deleted\": {\"name\": \"survey album\", \"object\": \"/media/survey/Screen_Shot_2022-07-08_at_17.48.46_2d5gHrn.png\"}}]"}}, {"model": "admin.logentry", "pk": 187, "fields": {"action_time": "2022-07-18T14:06:43.974", "user": 3, "content_type": 16, "object_id": "102", "object_repr": "Quyioqboy2", "action_flag": 2, "change_message": "[{\"deleted\": {\"name\": \"survey album\", \"object\": \"/media/survey/Screen_Shot_2022-07-08_at_17.48.46_CknbFeC.png\"}}]"}}, {"model": "admin.logentry", "pk": 188, "fields": {"action_time": "2022-07-18T14:12:18.894", "user": 3, "content_type": 16, "object_id": "123", "object_repr": "Quyioqboy7", "action_flag": 2, "change_message": "[{\"deleted\": {\"name\": \"survey album\", \"object\": \"/media/survey/Screen_Shot_2022-07-18_at_05.30.33.png\"}}]"}}, {"model": "admin.logentry", "pk": 189, "fields": {"action_time": "2022-07-18T14:13:31.701", "user": 3, "content_type": 16, "object_id": "123", "object_repr": "Quyioqboy7", "action_flag": 2, "change_message": "[{\"deleted\": {\"name\": \"survey album\", \"object\": \"/media/survey/Screen_Shot_2022-07-18_at_05.30.33_ZoCvs2S.png\"}}]"}}, {"model": "admin.logentry", "pk": 190, "fields": {"action_time": "2022-07-18T22:14:29.615", "user": 3, "content_type": 16, "object_id": "122", "object_repr": "Quyioqboy7", "action_flag": 2, "change_message": "[{\"deleted\": {\"name\": \"survey album\", \"object\": \"/media/survey/Screen_Shot_2022-07-18_at_05.30.33_gC04ClH.png\"}}, {\"deleted\": {\"name\": \"survey album\", \"object\": \"/media/survey/Screen_Shot_2022-07-08_at_17.48.46_9DBdd7f.png\"}}]"}}, {"model": "admin.logentry", "pk": 191, "fields": {"action_time": "2022-07-20T10:53:23.646", "user": 3, "content_type": 10, "object_id": "7", "object_repr": "Test Uz", "action_flag": 1, "change_message": "[{\"added\": {}}]"}}, {"model": "admin.logentry", "pk": 192, "fields": {"action_time": "2022-07-20T10:54:13.649", "user": 3, "content_type": 10, "object_id": "7", "object_repr": "Test Uz", "action_flag": 2, "change_message": "[{\"changed\": {\"fields\": [\"Groups\"]}}]"}}, {"model": "admin.logentry", "pk": 193, "fields": {"action_time": "2022-07-22T19:51:16.987", "user": 3, "content_type": 39, "object_id": "1", "object_repr": "Damage Level One Uz", "action_flag": 1, "change_message": "[{\"added\": {}}]"}}, {"model": "admin.logentry", "pk": 194, "fields": {"action_time": "2022-07-22T19:51:22.446", "user": 3, "content_type": 39, "object_id": "1", "object_repr": "Damage Level One Uz", "action_flag": 2, "change_message": "[]"}}, {"model": "admin.logentry", "pk": 195, "fields": {"action_time": "2022-07-22T19:51:46.982", "user": 3, "content_type": 39, "object_id": "2", "object_repr": "Damage Level Two Uz", "action_flag": 1, "change_message": "[{\"added\": {}}]"}}, {"model": "admin.logentry", "pk": 196, "fields": {"action_time": "2022-07-22T19:52:13.002", "user": 3, "content_type": 39, "object_id": "3", "object_repr": "Damage Level Three Uz", "action_flag": 1, "change_message": "[{\"added\": {}}]"}}, {"model": "admin.logentry", "pk": 197, "fields": {"action_time": "2022-07-22T19:55:12.639", "user": 3, "content_type": 40, "object_id": "1", "object_repr": "Vegetation Type One Uz", "action_flag": 1, "change_message": "[{\"added\": {}}]"}}, {"model": "admin.logentry", "pk": 198, "fields": {"action_time": "2022-07-22T19:55:46.865", "user": 3, "content_type": 40, "object_id": "2", "object_repr": "Vegetation Type Two Uz", "action_flag": 1, "change_message": "[{\"added\": {}}]"}}, {"model": "admin.logentry", "pk": 199, "fields": {"action_time": "2022-07-22T19:56:05.422", "user": 3, "content_type": 40, "object_id": "3", "object_repr": "Vegetation Type Three Uz", "action_flag": 1, "change_message": "[{\"added\": {}}]"}}, {"model": "admin.logentry", "pk": 200, "fields": {"action_time": "2022-07-22T20:44:05.443", "user": 3, "content_type": 33, "object_id": "1", "object_repr": "220300001", "action_flag": 1, "change_message": "[{\"added\": {}}, {\"added\": {\"name\": \"spray monitoring act album\", \"object\": \"/media/spray_monitoring_act/Screen_Shot_2022-07-18_at_05.30.33.png\"}}, {\"added\": {\"name\": \"spray monitoring act album\", \"object\": \"/media/spray_monitoring_act/Screen_Shot_2022-07-18_at_19.01.00.png\"}}, {\"added\": {\"name\": \"spray monitoring act album\", \"object\": \"/media/spray_monitoring_act/Screen_Shot_2022-07-18_at_22.47.56.png\"}}, {\"added\": {\"name\": \"spent insecticide\", \"object\": \"Insecticide One Uz\"}}, {\"added\": {\"name\": \"spent insecticide\", \"object\": \"Insecticide Two  Uz\"}}]"}}, {"model": "admin.logentry", "pk": 201, "fields": {"action_time": "2022-07-22T22:24:41.601", "user": 3, "content_type": 33, "object_id": "1", "object_repr": "220300001", "action_flag": 2, "change_message": "[{\"changed\": {\"fields\": [\"Purkagich\"]}}]"}}, {"model": "admin.logentry", "pk": 202, "fields": {"action_time": "2022-07-22T23:21:53.278", "user": 3, "content_type": 33, "object_id": "6", "object_repr": "6", "action_flag": 3, "change_message": ""}}, {"model": "admin.logentry", "pk": 203, "fields": {"action_time": "2022-07-22T23:21:53.281", "user": 3, "content_type": 33, "object_id": "5", "object_repr": "5", "action_flag": 3, "change_message": ""}}, {"model": "admin.logentry", "pk": 204, "fields": {"action_time": "2022-07-22T23:21:53.282", "user": 3, "content_type": 33, "object_id": "4", "object_repr": "4", "action_flag": 3, "change_message": ""}}, {"model": "admin.logentry", "pk": 205, "fields": {"action_time": "2022-07-22T23:21:53.283", "user": 3, "content_type": 33, "object_id": "3", "object_repr": "3", "action_flag": 3, "change_message": ""}}, {"model": "admin.logentry", "pk": 206, "fields": {"action_time": "2022-07-22T23:21:53.284", "user": 3, "content_type": 33, "object_id": "2", "object_repr": "2", "action_flag": 3, "change_message": ""}}, {"model": "admin.logentry", "pk": 207, "fields": {"action_time": "2022-07-23T15:48:23.405", "user": 3, "content_type": 33, "object_id": "12", "object_repr": "12", "action_flag": 2, "change_message": "[{\"changed\": {\"fields\": [\"Status\"]}}]"}}, {"model": "admin.logentry", "pk": 208, "fields": {"action_time": "2022-07-23T15:49:01.112", "user": 3, "content_type": 33, "object_id": "12", "object_repr": "12", "action_flag": 2, "change_message": "[{\"changed\": {\"fields\": [\"Status\"]}}]"}}, {"model": "admin.logentry", "pk": 209, "fields": {"action_time": "2022-07-23T23:05:01.777", "user": 3, "content_type": 35, "object_id": "1", "object_repr": "Insecticide One Uz", "action_flag": 1, "change_message": "[{\"added\": {}}]"}}, {"model": "admin.logentry", "pk": 210, "fields": {"action_time": "2022-07-23T23:05:17.094", "user": 3, "content_type": 35, "object_id": "2", "object_repr": "Insecticide Three Uz", "action_flag": 1, "change_message": "[{\"added\": {}}]"}}, {"model": "admin.logentry", "pk": 211, "fields": {"action_time": "2022-07-23T23:05:28.746", "user": 3, "content_type": 35, "object_id": "3", "object_repr": "Insecticide Two  Uz", "action_flag": 1, "change_message": "[{\"added\": {}}]"}}, {"model": "admin.logentry", "pk": 212, "fields": {"action_time": "2022-07-25T19:21:37.593", "user": 3, "content_type": 35, "object_id": "3", "object_repr": "Insecticide Two  Uz", "action_flag": 2, "change_message": "[{\"changed\": {\"fields\": [\"Year\"]}}]"}}, {"model": "admin.logentry", "pk": 213, "fields": {"action_time": "2022-07-25T19:21:46.120", "user": 3, "content_type": 35, "object_id": "2", "object_repr": "Insecticide Three Uz", "action_flag": 2, "change_message": "[{\"changed\": {\"fields\": [\"Year\"]}}]"}}, {"model": "admin.logentry", "pk": 214, "fields": {"action_time": "2022-07-25T19:21:54.103", "user": 3, "content_type": 35, "object_id": "1", "object_repr": "Insecticide One Uz", "action_flag": 2, "change_message": "[{\"changed\": {\"fields\": [\"Year\"]}}]"}}, {"model": "admin.logentry", "pk": 215, "fields": {"action_time": "2022-08-02T23:48:39.881", "user": 3, "content_type": 35, "object_id": "4", "object_repr": "Insecticide Three Uz", "action_flag": 1, "change_message": "[{\"added\": {}}]"}}, {"model": "admin.logentry", "pk": 216, "fields": {"action_time": "2022-08-02T23:48:57.896", "user": 3, "content_type": 35, "object_id": "5", "object_repr": "Insecticide Two  Uz", "action_flag": 1, "change_message": "[{\"added\": {}}]"}}, {"model": "admin.logentry", "pk": 217, "fields": {"action_time": "2022-08-02T23:49:18.864", "user": 3, "content_type": 35, "object_id": "6", "object_repr": "Insecticide One Uz", "action_flag": 1, "change_message": "[{\"added\": {}}]"}}, {"model": "admin.logentry", "pk": 218, "fields": {"action_time": "2022-08-02T23:53:18.131", "user": 3, "content_type": 35, "object_id": "6", "object_repr": "Insecticide One Uz", "action_flag": 2, "change_message": "[{\"changed\": {\"fields\": [\"Year\"]}}]"}}, {"model": "admin.logentry", "pk": 219, "fields": {"action_time": "2022-08-02T23:53:35.859", "user": 3, "content_type": 35, "object_id": "6", "object_repr": "Insecticide One Uz", "action_flag": 2, "change_message": "[{\"changed\": {\"fields\": [\"Year\"]}}]"}}, {"model": "admin.logentry", "pk": 220, "fields": {"action_time": "2022-08-02T23:54:05.463", "user": 3, "content_type": 42, "object_id": "1", "object_repr": "InsecticideExchange object (1)", "action_flag": 1, "change_message": "[{\"added\": {}}]"}}, {"model": "admin.logentry", "pk": 221, "fields": {"action_time": "2022-08-02T23:54:21.921", "user": 3, "content_type": 42, "object_id": "1", "object_repr": "InsecticideExchange object (1)", "action_flag": 2, "change_message": "[{\"changed\": {\"fields\": [\"Is approved\"]}}]"}}, {"model": "admin.logentry", "pk": 222, "fields": {"action_time": "2022-08-02T23:54:34.705", "user": 3, "content_type": 42, "object_id": "1", "object_repr": "InsecticideExchange object (1)", "action_flag": 2, "change_message": "[{\"changed\": {\"fields\": [\"Sender region\"]}}]"}}, {"model": "admin.logentry", "pk": 223, "fields": {"action_time": "2022-08-02T23:54:47.938", "user": 3, "content_type": 42, "object_id": "1", "object_repr": "InsecticideExchange object (1)", "action_flag": 2, "change_message": "[{\"changed\": {\"fields\": [\"Receiver region\"]}}]"}}, {"model": "admin.logentry", "pk": 224, "fields": {"action_time": "2022-08-05T20:46:21.756", "user": 3, "content_type": 10, "object_id": "3", "object_repr": "Name Uz Id 3", "action_flag": 2, "change_message": "[{\"changed\": {\"fields\": [\"Name uz\", \"Name en\", \"Name ru\", \"Pin\", \"Passport series and number\", \"Phone\"]}}]"}}, {"model": "auth.permission", "pk": 1, "fields": {"name": "Can add log entry", "content_type": 1, "codename": "add_logentry"}}, {"model": "auth.permission", "pk": 2, "fields": {"name": "Can change log entry", "content_type": 1, "codename": "change_logentry"}}, {"model": "auth.permission", "pk": 3, "fields": {"name": "Can delete log entry", "content_type": 1, "codename": "delete_logentry"}}, {"model": "auth.permission", "pk": 4, "fields": {"name": "Can view log entry", "content_type": 1, "codename": "view_logentry"}}, {"model": "auth.permission", "pk": 5, "fields": {"name": "Can add permission", "content_type": 2, "codename": "add_permission"}}, {"model": "auth.permission", "pk": 6, "fields": {"name": "Can change permission", "content_type": 2, "codename": "change_permission"}}, {"model": "auth.permission", "pk": 7, "fields": {"name": "Can delete permission", "content_type": 2, "codename": "delete_permission"}}, {"model": "auth.permission", "pk": 8, "fields": {"name": "Can view permission", "content_type": 2, "codename": "view_permission"}}, {"model": "auth.permission", "pk": 9, "fields": {"name": "Can add group", "content_type": 3, "codename": "add_group"}}, {"model": "auth.permission", "pk": 10, "fields": {"name": "Can change group", "content_type": 3, "codename": "change_group"}}, {"model": "auth.permission", "pk": 11, "fields": {"name": "Can delete group", "content_type": 3, "codename": "delete_group"}}, {"model": "auth.permission", "pk": 12, "fields": {"name": "Can view group", "content_type": 3, "codename": "view_group"}}, {"model": "auth.permission", "pk": 13, "fields": {"name": "Can add content type", "content_type": 4, "codename": "add_contenttype"}}, {"model": "auth.permission", "pk": 14, "fields": {"name": "Can change content type", "content_type": 4, "codename": "change_contenttype"}}, {"model": "auth.permission", "pk": 15, "fields": {"name": "Can delete content type", "content_type": 4, "codename": "delete_contenttype"}}, {"model": "auth.permission", "pk": 16, "fields": {"name": "Can view content type", "content_type": 4, "codename": "view_contenttype"}}, {"model": "auth.permission", "pk": 17, "fields": {"name": "Can add session", "content_type": 5, "codename": "add_session"}}, {"model": "auth.permission", "pk": 18, "fields": {"name": "Can change session", "content_type": 5, "codename": "change_session"}}, {"model": "auth.permission", "pk": 19, "fields": {"name": "Can delete session", "content_type": 5, "codename": "delete_session"}}, {"model": "auth.permission", "pk": 20, "fields": {"name": "Can view session", "content_type": 5, "codename": "view_session"}}, {"model": "auth.permission", "pk": 21, "fields": {"name": "Can add country", "content_type": 6, "codename": "add_country"}}, {"model": "auth.permission", "pk": 22, "fields": {"name": "Can change country", "content_type": 6, "codename": "change_country"}}, {"model": "auth.permission", "pk": 23, "fields": {"name": "Can delete country", "content_type": 6, "codename": "delete_country"}}, {"model": "auth.permission", "pk": 24, "fields": {"name": "Can view country", "content_type": 6, "codename": "view_country"}}, {"model": "auth.permission", "pk": 25, "fields": {"name": "Can add unit", "content_type": 7, "codename": "add_unit"}}, {"model": "auth.permission", "pk": 26, "fields": {"name": "Can change unit", "content_type": 7, "codename": "change_unit"}}, {"model": "auth.permission", "pk": 27, "fields": {"name": "Can delete unit", "content_type": 7, "codename": "delete_unit"}}, {"model": "auth.permission", "pk": 28, "fields": {"name": "Can view unit", "content_type": 7, "codename": "view_unit"}}, {"model": "auth.permission", "pk": 29, "fields": {"name": "Can add region", "content_type": 8, "codename": "add_region"}}, {"model": "auth.permission", "pk": 30, "fields": {"name": "Can change region", "content_type": 8, "codename": "change_region"}}, {"model": "auth.permission", "pk": 31, "fields": {"name": "Can delete region", "content_type": 8, "codename": "delete_region"}}, {"model": "auth.permission", "pk": 32, "fields": {"name": "Can view region", "content_type": 8, "codename": "view_region"}}, {"model": "auth.permission", "pk": 33, "fields": {"name": "Can add district", "content_type": 9, "codename": "add_district"}}, {"model": "auth.permission", "pk": 34, "fields": {"name": "Can change district", "content_type": 9, "codename": "change_district"}}, {"model": "auth.permission", "pk": 35, "fields": {"name": "Can delete district", "content_type": 9, "codename": "delete_district"}}, {"model": "auth.permission", "pk": 36, "fields": {"name": "Can view district", "content_type": 9, "codename": "view_district"}}, {"model": "auth.permission", "pk": 37, "fields": {"name": "Can add user", "content_type": 10, "codename": "add_user"}}, {"model": "auth.permission", "pk": 38, "fields": {"name": "Can change user", "content_type": 10, "codename": "change_user"}}, {"model": "auth.permission", "pk": 39, "fields": {"name": "Can delete user", "content_type": 10, "codename": "delete_user"}}, {"model": "auth.permission", "pk": 40, "fields": {"name": "Can view user", "content_type": 10, "codename": "view_user"}}, {"model": "auth.permission", "pk": 41, "fields": {"name": "Can add Биотоп", "content_type": 11, "codename": "add_biotope"}}, {"model": "auth.permission", "pk": 42, "fields": {"name": "Can change Биотоп", "content_type": 11, "codename": "change_biotope"}}, {"model": "auth.permission", "pk": 43, "fields": {"name": "Can delete Биотоп", "content_type": 11, "codename": "delete_biotope"}}, {"model": "auth.permission", "pk": 44, "fields": {"name": "Can view Биотоп", "content_type": 11, "codename": "view_biotope"}}, {"model": "auth.permission", "pk": 45, "fields": {"name": "Can add Саранча", "content_type": 12, "codename": "add_locust"}}, {"model": "auth.permission", "pk": 46, "fields": {"name": "Can change Саранча", "content_type": 12, "codename": "change_locust"}}, {"model": "auth.permission", "pk": 47, "fields": {"name": "Can delete Саранча", "content_type": 12, "codename": "delete_locust"}}, {"model": "auth.permission", "pk": 48, "fields": {"name": "Can view Саранча", "content_type": 12, "codename": "view_locust"}}, {"model": "auth.permission", "pk": 49, "fields": {"name": "Can add Возраст личинок", "content_type": 13, "codename": "add_locustage"}}, {"model": "auth.permission", "pk": 50, "fields": {"name": "Can change Возраст личинок", "content_type": 13, "codename": "change_locustage"}}, {"model": "auth.permission", "pk": 51, "fields": {"name": "Can delete Возраст личинок", "content_type": 13, "codename": "delete_locustage"}}, {"model": "auth.permission", "pk": 52, "fields": {"name": "Can view Возраст личинок", "content_type": 13, "codename": "view_locustage"}}, {"model": "auth.permission", "pk": 53, "fields": {"name": "Can add Присутствуют Саранчовые", "content_type": 14, "codename": "add_locustappearance"}}, {"model": "auth.permission", "pk": 54, "fields": {"name": "Can change Присутствуют Саранчовые", "content_type": 14, "codename": "change_locustappearance"}}, {"model": "auth.permission", "pk": 55, "fields": {"name": "Can delete Присутствуют Саранчовые", "content_type": 14, "codename": "delete_locustappearance"}}, {"model": "auth.permission", "pk": 56, "fields": {"name": "Can view Присутствуют Саранчовые", "content_type": 14, "codename": "view_locustappearance"}}, {"model": "auth.permission", "pk": 57, "fields": {"name": "Can add Саранча", "content_type": 15, "codename": "add_locuststage"}}, {"model": "auth.permission", "pk": 58, "fields": {"name": "Can change Саранча", "content_type": 15, "codename": "change_locuststage"}}, {"model": "auth.permission", "pk": 59, "fields": {"name": "Can delete Саранча", "content_type": 15, "codename": "delete_locuststage"}}, {"model": "auth.permission", "pk": 60, "fields": {"name": "Can view Саранча", "content_type": 15, "codename": "view_locuststage"}}, {"model": "auth.permission", "pk": 61, "fields": {"name": "Can add Обследования саранчи", "content_type": 16, "codename": "add_survey"}}, {"model": "auth.permission", "pk": 62, "fields": {"name": "Can change Обследования саранчи", "content_type": 16, "codename": "change_survey"}}, {"model": "auth.permission", "pk": 63, "fields": {"name": "Can delete Обследования саранчи", "content_type": 16, "codename": "delete_survey"}}, {"model": "auth.permission", "pk": 64, "fields": {"name": "Can view Обследования саранчи", "content_type": 16, "codename": "view_survey"}}, {"model": "auth.permission", "pk": 65, "fields": {"name": "Can add Растительность", "content_type": 17, "codename": "add_vegetation"}}, {"model": "auth.permission", "pk": 66, "fields": {"name": "Can change Растительность", "content_type": 17, "codename": "change_vegetation"}}, {"model": "auth.permission", "pk": 67, "fields": {"name": "Can delete Растительность", "content_type": 17, "codename": "delete_vegetation"}}, {"model": "auth.permission", "pk": 68, "fields": {"name": "Can view Растительность", "content_type": 17, "codename": "view_vegetation"}}, {"model": "auth.permission", "pk": 69, "fields": {"name": "Can add Густота растительного покрова", "content_type": 18, "codename": "add_vegetationcover"}}, {"model": "auth.permission", "pk": 70, "fields": {"name": "Can change Густота растительного покрова", "content_type": 18, "codename": "change_vegetationcover"}}, {"model": "auth.permission", "pk": 71, "fields": {"name": "Can delete Густота растительного покрова", "content_type": 18, "codename": "delete_vegetationcover"}}, {"model": "auth.permission", "pk": 72, "fields": {"name": "Can view Густота растительного покрова", "content_type": 18, "codename": "view_vegetationcover"}}, {"model": "auth.permission", "pk": 73, "fields": {"name": "Can add survey album", "content_type": 19, "codename": "add_surveyalbum"}}, {"model": "auth.permission", "pk": 74, "fields": {"name": "Can change survey album", "content_type": 19, "codename": "change_surveyalbum"}}, {"model": "auth.permission", "pk": 75, "fields": {"name": "Can delete survey album", "content_type": 19, "codename": "delete_surveyalbum"}}, {"model": "auth.permission", "pk": 76, "fields": {"name": "Can view survey album", "content_type": 19, "codename": "view_surveyalbum"}}, {"model": "auth.permission", "pk": 77, "fields": {"name": "Can add survey act", "content_type": 20, "codename": "add_surveyact"}}, {"model": "auth.permission", "pk": 78, "fields": {"name": "Can change survey act", "content_type": 20, "codename": "change_surveyact"}}, {"model": "auth.permission", "pk": 79, "fields": {"name": "Can delete survey act", "content_type": 20, "codename": "delete_surveyact"}}, {"model": "auth.permission", "pk": 80, "fields": {"name": "Can view survey act", "content_type": 20, "codename": "view_surveyact"}}, {"model": "auth.permission", "pk": 81, "fields": {"name": "Can add Альбом саранчи", "content_type": 21, "codename": "add_locustalbum"}}, {"model": "auth.permission", "pk": 82, "fields": {"name": "Can change Альбом саранчи", "content_type": 21, "codename": "change_locustalbum"}}, {"model": "auth.permission", "pk": 83, "fields": {"name": "Can delete Альбом саранчи", "content_type": 21, "codename": "delete_locustalbum"}}, {"model": "auth.permission", "pk": 84, "fields": {"name": "Can view Альбом саранчи", "content_type": 21, "codename": "view_locustalbum"}}, {"model": "auth.permission", "pk": 85, "fields": {"name": "Can add Поведение", "content_type": 22, "codename": "add_behaviour"}}, {"model": "auth.permission", "pk": 86, "fields": {"name": "Can change Поведение", "content_type": 22, "codename": "change_behaviour"}}, {"model": "auth.permission", "pk": 87, "fields": {"name": "Can delete Поведение", "content_type": 22, "codename": "delete_behaviour"}}, {"model": "auth.permission", "pk": 88, "fields": {"name": "Can view Поведение", "content_type": 22, "codename": "view_behaviour"}}, {"model": "auth.permission", "pk": 89, "fields": {"name": "Can add Отрождение", "content_type": 23, "codename": "add_egghatching"}}, {"model": "auth.permission", "pk": 90, "fields": {"name": "Can change Отрождение", "content_type": 23, "codename": "change_egghatching"}}, {"model": "auth.permission", "pk": 91, "fields": {"name": "Can delete Отрождение", "content_type": 23, "codename": "delete_egghatching"}}, {"model": "auth.permission", "pk": 92, "fields": {"name": "Can view Отрождение", "content_type": 23, "codename": "view_egghatching"}}, {"model": "auth.permission", "pk": 93, "fields": {"name": "Can add Окрыление", "content_type": 24, "codename": "add_fledging"}}, {"model": "auth.permission", "pk": 94, "fields": {"name": "Can change Окрыление", "content_type": 24, "codename": "change_fledging"}}, {"model": "auth.permission", "pk": 95, "fields": {"name": "Can delete Окрыление", "content_type": 24, "codename": "delete_fledging"}}, {"model": "auth.permission", "pk": 96, "fields": {"name": "Can view Окрыление", "content_type": 24, "codename": "view_fledging"}}, {"model": "auth.permission", "pk": 97, "fields": {"name": "Can add Естественные враги", "content_type": 25, "codename": "add_naturalenemy"}}, {"model": "auth.permission", "pk": 98, "fields": {"name": "Can change Естественные враги", "content_type": 25, "codename": "change_naturalenemy"}}, {"model": "auth.permission", "pk": 99, "fields": {"name": "Can delete Естественные враги", "content_type": 25, "codename": "delete_naturalenemy"}}, {"model": "auth.permission", "pk": 100, "fields": {"name": "Can view Естественные враги", "content_type": 25, "codename": "view_naturalenemy"}}, {"model": "auth.permission", "pk": 101, "fields": {"name": "Can add locust appearance detail info", "content_type": 26, "codename": "add_locustappearancedetailinfo"}}, {"model": "auth.permission", "pk": 102, "fields": {"name": "Can change locust appearance detail info", "content_type": 26, "codename": "change_locustappearancedetailinfo"}}, {"model": "auth.permission", "pk": 103, "fields": {"name": "Can delete locust appearance detail info", "content_type": 26, "codename": "delete_locustappearancedetailinfo"}}, {"model": "auth.permission", "pk": 104, "fields": {"name": "Can view locust appearance detail info", "content_type": 26, "codename": "view_locustappearancedetailinfo"}}, {"model": "auth.permission", "pk": 105, "fields": {"name": "Can add Действующее вещество", "content_type": 27, "codename": "add_activesubstance"}}, {"model": "auth.permission", "pk": 106, "fields": {"name": "Can change Действующее вещество", "content_type": 27, "codename": "change_activesubstance"}}, {"model": "auth.permission", "pk": 107, "fields": {"name": "Can delete Действующее вещество", "content_type": 27, "codename": "delete_activesubstance"}}, {"model": "auth.permission", "pk": 108, "fields": {"name": "Can view Действующее вещество", "content_type": 27, "codename": "view_activesubstance"}}, {"model": "auth.permission", "pk": 109, "fields": {"name": "Can add Пустые контейнеры", "content_type": 28, "codename": "add_emptycontainersstatus"}}, {"model": "auth.permission", "pk": 110, "fields": {"name": "Can change Пустые контейнеры", "content_type": 28, "codename": "change_emptycontainersstatus"}}, {"model": "auth.permission", "pk": 111, "fields": {"name": "Can delete Пустые контейнеры", "content_type": 28, "codename": "delete_emptycontainersstatus"}}, {"model": "auth.permission", "pk": 112, "fields": {"name": "Can view Пустые контейнеры", "content_type": 28, "codename": "view_emptycontainersstatus"}}, {"model": "auth.permission", "pk": 113, "fields": {"name": "Can add Препаративная форма", "content_type": 29, "codename": "add_formulation"}}, {"model": "auth.permission", "pk": 114, "fields": {"name": "Can change Препаративная форма", "content_type": 29, "codename": "change_formulation"}}, {"model": "auth.permission", "pk": 115, "fields": {"name": "Can delete Препаративная форма", "content_type": 29, "codename": "delete_formulation"}}, {"model": "auth.permission", "pk": 116, "fields": {"name": "Can view Препаративная форма", "content_type": 29, "codename": "view_formulation"}}, {"model": "auth.permission", "pk": 117, "fields": {"name": "Can add Информация об инсектицидах(Коммерческое название)", "content_type": 30, "codename": "add_insecticide"}}, {"model": "auth.permission", "pk": 118, "fields": {"name": "Can change Информация об инсектицидах(Коммерческое название)", "content_type": 30, "codename": "change_insecticide"}}, {"model": "auth.permission", "pk": 119, "fields": {"name": "Can delete Информация об инсектицидах(Коммерческое название)", "content_type": 30, "codename": "delete_insecticide"}}, {"model": "auth.permission", "pk": 120, "fields": {"name": "Can view Информация об инсектицидах(Коммерческое название)", "content_type": 30, "codename": "view_insecticide"}}, {"model": "auth.permission", "pk": 121, "fields": {"name": "Can add Индивидуальные средства защиты", "content_type": 31, "codename": "add_protectiveclothing"}}, {"model": "auth.permission", "pk": 122, "fields": {"name": "Can change Индивидуальные средства защиты", "content_type": 31, "codename": "change_protectiveclothing"}}, {"model": "auth.permission", "pk": 123, "fields": {"name": "Can delete Индивидуальные средства защиты", "content_type": 31, "codename": "delete_protectiveclothing"}}, {"model": "auth.permission", "pk": 124, "fields": {"name": "Can view Индивидуальные средства защиты", "content_type": 31, "codename": "view_protectiveclothing"}}, {"model": "auth.permission", "pk": 125, "fields": {"name": "Can add Опрыскиватель", "content_type": 32, "codename": "add_sprayer"}}, {"model": "auth.permission", "pk": 126, "fields": {"name": "Can change Опрыскиватель", "content_type": 32, "codename": "change_sprayer"}}, {"model": "auth.permission", "pk": 127, "fields": {"name": "Can delete Опрыскиватель", "content_type": 32, "codename": "delete_sprayer"}}, {"model": "auth.permission", "pk": 128, "fields": {"name": "Can view Опрыскиватель", "content_type": 32, "codename": "view_sprayer"}}, {"model": "auth.permission", "pk": 129, "fields": {"name": "Can add Противосаранчовые обработки", "content_type": 33, "codename": "add_spraymonitoringact"}}, {"model": "auth.permission", "pk": 130, "fields": {"name": "Can change Противосаранчовые обработки", "content_type": 33, "codename": "change_spraymonitoringact"}}, {"model": "auth.permission", "pk": 131, "fields": {"name": "Can delete Противосаранчовые обработки", "content_type": 33, "codename": "delete_spraymonitoringact"}}, {"model": "auth.permission", "pk": 132, "fields": {"name": "Can view Противосаранчовые обработки", "content_type": 33, "codename": "view_spraymonitoringact"}}, {"model": "auth.permission", "pk": 133, "fields": {"name": "Can add spent insecticide", "content_type": 34, "codename": "add_spentinsecticide"}}, {"model": "auth.permission", "pk": 134, "fields": {"name": "Can change spent insecticide", "content_type": 34, "codename": "change_spentinsecticide"}}, {"model": "auth.permission", "pk": 135, "fields": {"name": "Can delete spent insecticide", "content_type": 34, "codename": "delete_spentinsecticide"}}, {"model": "auth.permission", "pk": 136, "fields": {"name": "Can view spent insecticide", "content_type": 34, "codename": "view_spentinsecticide"}}, {"model": "auth.permission", "pk": 137, "fields": {"name": "Can add insecticides yearly remainder", "content_type": 35, "codename": "add_insecticidesyearlyremainder"}}, {"model": "auth.permission", "pk": 138, "fields": {"name": "Can change insecticides yearly remainder", "content_type": 35, "codename": "change_insecticidesyearlyremainder"}}, {"model": "auth.permission", "pk": 139, "fields": {"name": "Can delete insecticides yearly remainder", "content_type": 35, "codename": "delete_insecticidesyearlyremainder"}}, {"model": "auth.permission", "pk": 140, "fields": {"name": "Can view insecticides yearly remainder", "content_type": 35, "codename": "view_insecticidesyearlyremainder"}}, {"model": "auth.permission", "pk": 141, "fields": {"name": "Can add blacklisted token", "content_type": 36, "codename": "add_blacklistedtoken"}}, {"model": "auth.permission", "pk": 142, "fields": {"name": "Can change blacklisted token", "content_type": 36, "codename": "change_blacklistedtoken"}}, {"model": "auth.permission", "pk": 143, "fields": {"name": "Can delete blacklisted token", "content_type": 36, "codename": "delete_blacklistedtoken"}}, {"model": "auth.permission", "pk": 144, "fields": {"name": "Can view blacklisted token", "content_type": 36, "codename": "view_blacklistedtoken"}}, {"model": "auth.permission", "pk": 145, "fields": {"name": "Can add outstanding token", "content_type": 37, "codename": "add_outstandingtoken"}}, {"model": "auth.permission", "pk": 146, "fields": {"name": "Can change outstanding token", "content_type": 37, "codename": "change_outstandingtoken"}}, {"model": "auth.permission", "pk": 147, "fields": {"name": "Can delete outstanding token", "content_type": 37, "codename": "delete_outstandingtoken"}}, {"model": "auth.permission", "pk": 148, "fields": {"name": "Can view outstanding token", "content_type": 37, "codename": "view_outstandingtoken"}}, {"model": "auth.permission", "pk": 149, "fields": {"name": "Can add Плотность в стае", "content_type": 38, "codename": "add_swarmdensity"}}, {"model": "auth.permission", "pk": 150, "fields": {"name": "Can change Плотность в стае", "content_type": 38, "codename": "change_swarmdensity"}}, {"model": "auth.permission", "pk": 151, "fields": {"name": "Can delete Плотность в стае", "content_type": 38, "codename": "delete_swarmdensity"}}, {"model": "auth.permission", "pk": 152, "fields": {"name": "Can view Плотность в стае", "content_type": 38, "codename": "view_swarmdensity"}}, {"model": "auth.permission", "pk": 153, "fields": {"name": "Can add Поврежденность", "content_type": 39, "codename": "add_damagelevel"}}, {"model": "auth.permission", "pk": 154, "fields": {"name": "Can change Поврежденность", "content_type": 39, "codename": "change_damagelevel"}}, {"model": "auth.permission", "pk": 155, "fields": {"name": "Can delete Поврежденность", "content_type": 39, "codename": "delete_damagelevel"}}, {"model": "auth.permission", "pk": 156, "fields": {"name": "Can view Поврежденность", "content_type": 39, "codename": "view_damagelevel"}}, {"model": "auth.permission", "pk": 157, "fields": {"name": "Can add Растительность Тип", "content_type": 40, "codename": "add_vegetationtype"}}, {"model": "auth.permission", "pk": 158, "fields": {"name": "Can change Растительность Тип", "content_type": 40, "codename": "change_vegetationtype"}}, {"model": "auth.permission", "pk": 159, "fields": {"name": "Can delete Растительность Тип", "content_type": 40, "codename": "delete_vegetationtype"}}, {"model": "auth.permission", "pk": 160, "fields": {"name": "Can view Растительность Тип", "content_type": 40, "codename": "view_vegetationtype"}}, {"model": "auth.permission", "pk": 161, "fields": {"name": "Can add spray monitoring act album", "content_type": 41, "codename": "add_spraymonitoringactalbum"}}, {"model": "auth.permission", "pk": 162, "fields": {"name": "Can change spray monitoring act album", "content_type": 41, "codename": "change_spraymonitoringactalbum"}}, {"model": "auth.permission", "pk": 163, "fields": {"name": "Can delete spray monitoring act album", "content_type": 41, "codename": "delete_spraymonitoringactalbum"}}, {"model": "auth.permission", "pk": 164, "fields": {"name": "Can view spray monitoring act album", "content_type": 41, "codename": "view_spraymonitoringactalbum"}}, {"model": "auth.permission", "pk": 165, "fields": {"name": "Can add insecticide exchange", "content_type": 42, "codename": "add_insecticideexchange"}}, {"model": "auth.permission", "pk": 166, "fields": {"name": "Can change insecticide exchange", "content_type": 42, "codename": "change_insecticideexchange"}}, {"model": "auth.permission", "pk": 167, "fields": {"name": "Can delete insecticide exchange", "content_type": 42, "codename": "delete_insecticideexchange"}}, {"model": "auth.permission", "pk": 168, "fields": {"name": "Can view insecticide exchange", "content_type": 42, "codename": "view_insecticideexchange"}}, {"model": "auth.group", "pk": 1, "fields": {"name": "Republic Manager", "permissions": []}}, {"model": "auth.group", "pk": 2, "fields": {"name": "Region Manager", "permissions": []}}, {"model": "auth.group", "pk": 3, "fields": {"name": "Agronomist", "permissions": []}}, {"model": "auth.group", "pk": 4, "fields": {"name": "Fumigator", "permissions": []}}, {"model": "auth.group", "pk": 5, "fields": {"name": "Predictor", "permissions": []}}, {"model": "auth.group", "pk": 6, "fields": {"name": "Warehouse Manager", "permissions": []}}, {"model": "contenttypes.contenttype", "pk": 1, "fields": {"app_label": "admin", "model": "logentry"}}, {"model": "contenttypes.contenttype", "pk": 2, "fields": {"app_label": "auth", "model": "permission"}}, {"model": "contenttypes.contenttype", "pk": 3, "fields": {"app_label": "auth", "model": "group"}}, {"model": "contenttypes.contenttype", "pk": 4, "fields": {"app_label": "contenttypes", "model": "contenttype"}}, {"model": "contenttypes.contenttype", "pk": 5, "fields": {"app_label": "sessions", "model": "session"}}, {"model": "contenttypes.contenttype", "pk": 6, "fields": {"app_label": "common", "model": "country"}}, {"model": "contenttypes.contenttype", "pk": 7, "fields": {"app_label": "common", "model": "unit"}}, {"model": "contenttypes.contenttype", "pk": 8, "fields": {"app_label": "common", "model": "region"}}, {"model": "contenttypes.contenttype", "pk": 9, "fields": {"app_label": "common", "model": "district"}}, {"model": "contenttypes.contenttype", "pk": 10, "fields": {"app_label": "common", "model": "user"}}, {"model": "contenttypes.contenttype", "pk": 11, "fields": {"app_label": "survey", "model": "biotope"}}, {"model": "contenttypes.contenttype", "pk": 12, "fields": {"app_label": "survey", "model": "locust"}}, {"model": "contenttypes.contenttype", "pk": 13, "fields": {"app_label": "survey", "model": "locustage"}}, {"model": "contenttypes.contenttype", "pk": 14, "fields": {"app_label": "survey", "model": "locustappearance"}}, {"model": "contenttypes.contenttype", "pk": 15, "fields": {"app_label": "survey", "model": "locuststage"}}, {"model": "contenttypes.contenttype", "pk": 16, "fields": {"app_label": "survey", "model": "survey"}}, {"model": "contenttypes.contenttype", "pk": 17, "fields": {"app_label": "survey", "model": "vegetation"}}, {"model": "contenttypes.contenttype", "pk": 18, "fields": {"app_label": "survey", "model": "vegetationcover"}}, {"model": "contenttypes.contenttype", "pk": 19, "fields": {"app_label": "survey", "model": "surveyalbum"}}, {"model": "contenttypes.contenttype", "pk": 20, "fields": {"app_label": "survey", "model": "surveyact"}}, {"model": "contenttypes.contenttype", "pk": 21, "fields": {"app_label": "survey", "model": "locustalbum"}}, {"model": "contenttypes.contenttype", "pk": 22, "fields": {"app_label": "survey", "model": "behaviour"}}, {"model": "contenttypes.contenttype", "pk": 23, "fields": {"app_label": "survey", "model": "egghatching"}}, {"model": "contenttypes.contenttype", "pk": 24, "fields": {"app_label": "survey", "model": "fledging"}}, {"model": "contenttypes.contenttype", "pk": 25, "fields": {"app_label": "survey", "model": "naturalenemy"}}, {"model": "contenttypes.contenttype", "pk": 26, "fields": {"app_label": "survey", "model": "locustappearancedetailinfo"}}, {"model": "contenttypes.contenttype", "pk": 27, "fields": {"app_label": "spray_monitoring", "model": "activesubstance"}}, {"model": "contenttypes.contenttype", "pk": 28, "fields": {"app_label": "spray_monitoring", "model": "emptycontainersstatus"}}, {"model": "contenttypes.contenttype", "pk": 29, "fields": {"app_label": "spray_monitoring", "model": "formulation"}}, {"model": "contenttypes.contenttype", "pk": 30, "fields": {"app_label": "spray_monitoring", "model": "insecticide"}}, {"model": "contenttypes.contenttype", "pk": 31, "fields": {"app_label": "spray_monitoring", "model": "protectiveclothing"}}, {"model": "contenttypes.contenttype", "pk": 32, "fields": {"app_label": "spray_monitoring", "model": "sprayer"}}, {"model": "contenttypes.contenttype", "pk": 33, "fields": {"app_label": "spray_monitoring", "model": "spraymonitoringact"}}, {"model": "contenttypes.contenttype", "pk": 34, "fields": {"app_label": "spray_monitoring", "model": "spentinsecticide"}}, {"model": "contenttypes.contenttype", "pk": 35, "fields": {"app_label": "spray_monitoring", "model": "insecticidesyearlyremainder"}}, {"model": "contenttypes.contenttype", "pk": 36, "fields": {"app_label": "token_blacklist", "model": "blacklistedtoken"}}, {"model": "contenttypes.contenttype", "pk": 37, "fields": {"app_label": "token_blacklist", "model": "outstandingtoken"}}, {"model": "contenttypes.contenttype", "pk": 38, "fields": {"app_label": "survey", "model": "swarmdensity"}}, {"model": "contenttypes.contenttype", "pk": 39, "fields": {"app_label": "spray_monitoring", "model": "damagelevel"}}, {"model": "contenttypes.contenttype", "pk": 40, "fields": {"app_label": "spray_monitoring", "model": "vegetationtype"}}, {"model": "contenttypes.contenttype", "pk": 41, "fields": {"app_label": "spray_monitoring", "model": "spraymonitoringactalbum"}}, {"model": "contenttypes.contenttype", "pk": 42, "fields": {"app_label": "spray_monitoring", "model": "insecticideexchange"}}, {"model": "sessions.session", "pk": "0puqmkz8npburm2dgrsdsftbgfrxvyjj", "fields": {"session_data": ".eJxVjMsOwiAQRf-FtSHMFAi4dO83kBkeUjWQlHZl_Hdt0oVu7znnvkSgba1hG3kJcxJnMYnT78YUH7ntIN2p3bqMva3LzHJX5EGHvPaUn5fD_TuoNOq3tppUyTihN7kAYwRnnDcarQVUQEVDcewYEyB6h8guYVRFRV9yZBDvD8KDN2M:1oDUK4:eknCgZxz_IVGDoDevv-UnDP46noJCf2iBBBtBX1Gl3E", "expire_date": "2022-08-01T22:14:20.985"}}, {"model": "sessions.session", "pk": "1u9fnlgu2q9d3deuv9shi0denrnb9ao9", "fields": {"session_data": ".eJxVjMsOwiAQRf-FtSHMFAi4dO83kBkeUjWQlHZl_Hdt0oVu7znnvkSgba1hG3kJcxJnMYnT78YUH7ntIN2p3bqMva3LzHJX5EGHvPaUn5fD_TuoNOq3tppUyTihN7kAYwRnnDcarQVUQEVDcewYEyB6h8guYVRFRV9yZBDvD8KDN2M:1oBZCp:7zZxy_VIHZOVXZX41x77vqgGkNiOjRrTXKZxZRCUcvk", "expire_date": "2022-07-27T15:02:55.423"}}, {"model": "sessions.session", "pk": "65fuuktw3wcxteu8eg56qex4neaw8zy1", "fields": {"session_data": ".eJxVjMsOwiAQRf-FtSHMFAi4dO83kBkeUjWQlHZl_Hdt0oVu7znnvkSgba1hG3kJcxJnMYnT78YUH7ntIN2p3bqMva3LzHJX5EGHvPaUn5fD_TuoNOq3tppUyTihN7kAYwRnnDcarQVUQEVDcewYEyB6h8guYVRFRV9yZBDvD8KDN2M:1o6lmH:cMWbS5Roo8nvGG6PGnO-FY5DySB_Ws4SUoUWKjdG6vY", "expire_date": "2022-07-14T09:27:41.056"}}, {"model": "sessions.session", "pk": "9ucbyg7paic0jxkn9se7d1ipttgc347m", "fields": {"session_data": ".eJxVjMsOwiAQRf-FtSHMFAi4dO83kBkeUjWQlHZl_Hdt0oVu7znnvkSgba1hG3kJcxJnMYnT78YUH7ntIN2p3bqMva3LzHJX5EGHvPaUn5fD_TuoNOq3tppUyTihN7kAYwRnnDcarQVUQEVDcewYEyB6h8guYVRFRV9yZBDvD8KDN2M:1oIws5:6M-WJv4sC4SSszX0WHZlAmIzp4qH7KgLHPgAlVcHSDI", "expire_date": "2022-08-16T23:44:01.642"}}, {"model": "sessions.session", "pk": "aoudeqw8vfqxblzarp9c5egu28ewrxza", "fields": {"session_data": ".eJxVjMsOwiAQRf-FtSHMFAi4dO83kBkeUjWQlHZl_Hdt0oVu7znnvkSgba1hG3kJcxJnMYnT78YUH7ntIN2p3bqMva3LzHJX5EGHvPaUn5fD_TuoNOq3tppUyTihN7kAYwRnnDcarQVUQEVDcewYEyB6h8guYVRFRV9yZBDvD8KDN2M:1oCD8l:OhwyA1LNCU2_wmw95vV8VRfkDOu-4oCfgfRLlDeXhx8", "expire_date": "2022-07-29T09:41:23.698"}}, {"model": "sessions.session", "pk": "e2eb6pcjgtnkoxmrrhvpu80fnaie1f6o", "fields": {"session_data": ".eJxVjMsOwiAQRf-FtSHMFAi4dO83kBkeUjWQlHZl_Hdt0oVu7znnvkSgba1hG3kJcxJnMYnT78YUH7ntIN2p3bqMva3LzHJX5EGHvPaUn5fD_TuoNOq3tppUyTihN7kAYwRnnDcarQVUQEVDcewYEyB6h8guYVRFRV9yZBDvD8KDN2M:1o4Irr:JgGl-WtYBRr2SYs-tah9uZav_ZoSsmXe_lSQuLSWpWE", "expire_date": "2022-07-07T14:11:15.962"}}, {"model": "sessions.session", "pk": "fg0hcskv8jt0b9bl61mymuc3o8fw6jcx", "fields": {"session_data": ".eJxVjMsOwiAQRf-FtSHMFAi4dO83kBkeUjWQlHZl_Hdt0oVu7znnvkSgba1hG3kJcxJnMYnT78YUH7ntIN2p3bqMva3LzHJX5EGHvPaUn5fD_TuoNOq3tppUyTihN7kAYwRnnDcarQVUQEVDcewYEyB6h8guYVRFRV9yZBDvD8KDN2M:1o94u9:4bF32ZVsP2G7RrLvbGku1GTcAOrACgzpoo6DE0IpVMw", "expire_date": "2022-07-20T18:17:21.656"}}, {"model": "sessions.session", "pk": "h2idmwhrpe8m6hpv2lnkdg97jdjvk50a", "fields": {"session_data": ".eJxVjMsOwiAQRf-FtSHMFAi4dO83kBkeUjWQlHZl_Hdt0oVu7znnvkSgba1hG3kJcxJnMYnT78YUH7ntIN2p3bqMva3LzHJX5EGHvPaUn5fD_TuoNOq3tppUyTihN7kAYwRnnDcarQVUQEVDcewYEyB6h8guYVRFRV9yZBDvD8KDN2M:1oEtuL:_WDhODv8k960Um_Szyupttg6aJ3jPZr1reW5THErBHE", "expire_date": "2022-08-05T19:45:37.185"}}, {"model": "sessions.session", "pk": "l4at7iixox68k26ln0rcnyofiq8tmlx6", "fields": {"session_data": ".eJxVjMsOwiAQRf-FtSHMFAi4dO83kBkeUjWQlHZl_Hdt0oVu7znnvkSgba1hG3kJcxJnMYnT78YUH7ntIN2p3bqMva3LzHJX5EGHvPaUn5fD_TuoNOq3tppUyTihN7kAYwRnnDcarQVUQEVDcewYEyB6h8guYVRFRV9yZBDvD8KDN2M:1oDJTv:CBP8K6LuZQ3xw_K4NzsSa2PPY3ksFJsGQpNt7v-nV8E", "expire_date": "2022-08-01T10:39:47.422"}}, {"model": "sessions.session", "pk": "mmz4307mbxi6t3rqfdk2fwklsv4j781m", "fields": {"session_data": ".eJxVjMsOwiAQRf-FtSHMFAi4dO83kBkeUjWQlHZl_Hdt0oVu7znnvkSgba1hG3kJcxJnMYnT78YUH7ntIN2p3bqMva3LzHJX5EGHvPaUn5fD_TuoNOq3tppUyTihN7kAYwRnnDcarQVUQEVDcewYEyB6h8guYVRFRV9yZBDvD8KDN2M:1oCjzh:YUHrMBbx6M9ODlkLbRBcgOodahXPyVEnO2rz3ZD17nQ", "expire_date": "2022-07-30T20:46:13.832"}}, {"model": "sessions.session", "pk": "oy6yfuixtpn1lim3el2wss5kbgq8e7h1", "fields": {"session_data": ".eJxVjMsOwiAQRf-FtSHMFAi4dO83kBkeUjWQlHZl_Hdt0oVu7znnvkSgba1hG3kJcxJnMYnT78YUH7ntIN2p3bqMva3LzHJX5EGHvPaUn5fD_TuoNOq3tppUyTihN7kAYwRnnDcarQVUQEVDcewYEyB6h8guYVRFRV9yZBDvD8KDN2M:1oB9vG:z_DRT_7kkj0rA853H4xM4Hi36iSvYVClNm0I3zxPcQ0", "expire_date": "2022-07-26T12:03:06.724"}}, {"model": "common.country", "pk": 1, "fields": {"name_uz": "Uzb_uz", "name_en": "Uzb_en", "name_ru": "Uzb_ru", "alpha_two_code": "Uz", "alpha_three_code": "Uzb", "created_at": "2022-06-27T17:27:38.789", "updated_at": "2022-06-27T17:27:38.789"}}, {"model": "common.region", "pk": 1, "fields": {"country": 1, "name_uz": "Tashkent Uz", "name_en": "Tashkent En", "name_ru": "Tashkent Ru", "geometry": "SRID=4326;POLYGON ((-0.0893782242201269 0.064532803697266, -0.0897417054511607 0.0349944854749681, -0.0617048470303416 0.0345735673300179, -0.061725340783596 0.0629882084920304, -0.0893782242201269 0.064532803697266))", "created_at": "2022-06-29T10:28:53.910", "updated_at": "2022-06-29T10:28:53.910"}}, {"model": "common.region", "pk": 2, "fields": {"country": 1, "name_uz": "Andijon Uz", "name_en": "Andijon En", "name_ru": "Andijon Uz", "geometry": "SRID=4326;POLYGON ((-0.0418947846628725 0.053129984833621, -0.0027700304053724 0.044654416987706, -0.0168107030913234 0.0311458305017657, -0.0418947846628725 0.053129984833621))", "created_at": "2022-06-29T10:29:29.051", "updated_at": "2022-06-29T10:29:29.051"}}, {"model": "common.region", "pk": 3, "fields": {"country": 1, "name_uz": "Qashqadaryo Uz", "name_en": "Qashqadaryo En", "name_ru": "Qashqadaryo Ru", "geometry": "SRID=4326;POLYGON ((-0.0140185025520623 -0.0050931586816882, -0.0114278239198029 -0.042929799004458, 0.0499287340790033 -0.0426152681755865, 0.0448511657305062 -0.0075180851638624, -0.0140185025520623 -0.0050931586816882))", "created_at": "2022-06-29T10:30:03.821", "updated_at": "2022-06-29T10:30:03.821"}}, {"model": "common.district", "pk": 1, "fields": {"region": 3, "name_uz": "Kitob Uz", "name_en": "Kitob En", "name_ru": "Kitob Ru", "geometry": "SRID=4326;POLYGON ((-0.0524758058600128 -0.0173402924237493, -0.0517436780501157 -0.0250245902181827, -0.0422621634788811 -0.022529570270896, -0.044732226524502 -0.0155289632229706, -0.0524758058600128 -0.0173402924237493))", "created_at": "2022-06-29T10:30:47.348", "updated_at": "2022-06-29T10:30:47.348"}}, {"model": "common.district", "pk": 2, "fields": {"region": 3, "name_uz": "Shahrisabz Uz", "name_en": "Sharisabz En", "name_ru": "Shahrisabz Ru", "geometry": "SRID=4326;POLYGON ((-0.0347261410206556 -0.0285199691871282, -0.0335573474876583 -0.0345622936723144, -0.0267138588242233 -0.0314507431388978, -0.0347261410206556 -0.0285199691871282))", "created_at": "2022-06-29T10:31:19.912", "updated_at": "2022-06-29T10:31:19.912"}}, {"model": "common.district", "pk": 3, "fields": {"region": 1, "name_uz": "Chirchiq Uz", "name_en": "Chirchiq En", "name_ru": "Chirchiq Ru", "geometry": "SRID=4326;POLYGON ((-0.0648613879457116 0.0462403982973281, -0.0646693480666727 0.0423258620933336, -0.0608200009446591 0.0436121905017958, -0.0648613879457116 0.0462403982973281))", "created_at": "2022-06-29T10:31:48.410", "updated_at": "2022-06-29T10:31:48.410"}}, {"model": "common.district", "pk": 4, "fields": {"region": 1, "name_uz": "Parkent Uz", "name_en": "Parkent En", "name_ru": "Parkent Ru", "geometry": "SRID=4326;POLYGON ((-0.0760904245544225 0.0432020431425573, -0.0760904245544225 0.0404721208718981, -0.0722829869482666 0.0414811760271385, -0.0760904245544225 0.0432020431425573))", "created_at": "2022-06-29T10:32:19.018", "updated_at": "2022-06-29T10:32:19.018"}}, {"model": "common.district", "pk": 5, "fields": {"region": 1, "name_uz": "Qibaray Uz", "name_en": "Qibaray En", "name_ru": "Qibray Ru", "geometry": "SRID=4326;POLYGON ((-0.0755247822962701 0.040842475170283, -0.0753090949729085 0.0387342384382755, -0.0685942475683987 0.0408945477304926, -0.0755247822962701 0.040842475170283))", "created_at": "2022-06-29T10:32:50.103", "updated_at": "2022-06-29T10:32:50.103"}}, {"model": "common.user", "pk": 3, "fields": {"password": "pbkdf2_sha256$320000$63iBMX9zAZtVUree0tC6jG$Qk6aT/LTRhLrd2sSDNmH8CUwhG2Mjufd2dvxm106lnY=", "last_login": "2022-08-02T23:44:01.638", "is_superuser": true, "first_name": "Abdulrakhmon", "last_name": "Mukhitdinov", "is_staff": true, "is_active": true, "date_joined": "2022-06-23T14:11:09", "email": "muhitdinov_97@mail.ru", "username": "admin", "name_uz": "Name Uz Id 3", "name_en": "Name En Id 3", "name_ru": "Name Ru Id 3", "pin": "33333333333333", "passport_series_and_number": "qw3333333", "phone": "333333333", "region": null, "status": 1, "created_at": "2022-06-23T14:11:09.699", "updated_at": "2022-08-05T20:46:21.749", "groups": [], "user_permissions": [], "districts": []}}, {"model": "common.user", "pk": 5, "fields": {"password": "pbkdf2_sha256$320000$E2S11ZFBWEwcLvgZpOijLa$67uINJZQx6RKtKo5HoMZZQFzlp6mNwnSEXTkZktqlOk=", "last_login": null, "is_superuser": false, "first_name": "", "last_name": "", "is_staff": false, "is_active": true, "date_joined": "2022-06-30T11:03:56.714", "email": "", "username": "AA7848051", "name_uz": "MMA UZ", "name_en": "MMA EN", "name_ru": "MMA RU", "pin": "12345678901234", "passport_series_and_number": "AA7848051", "phone": "998641285", "region": null, "status": 1, "created_at": "2022-06-30T11:03:56.962", "updated_at": "2022-07-18T13:06:53.211", "groups": [6, 5, 1, 2, 3, 4], "user_permissions": [], "districts": [1, 2]}}, {"model": "common.user", "pk": 7, "fields": {"password": "pbkdf2_sha256$320000$COvQuDNs736milPJZcvI5M$NBgLoZuV76vB1FJESy1ucP8hVncixooIqZ2L7wL22Ok=", "last_login": null, "is_superuser": false, "first_name": "", "last_name": "", "is_staff": false, "is_active": true, "date_joined": "2022-07-20T10:53:23.423", "email": "", "username": "test", "name_uz": "Test Uz", "name_en": "Test En", "name_ru": "Test Ru", "pin": "01234567890123", "passport_series_and_number": "AA7848052", "phone": "100000000", "region": null, "status": 1, "created_at": "2022-07-20T10:53:23.639", "updated_at": "2022-07-20T10:54:13.638", "groups": [1, 2, 3, 4, 5, 6], "user_permissions": [], "districts": []}}, {"model": "common.unit", "pk": 1, "fields": {"name_uz": "Unit1Uz", "name_en": "Unit1En", "name_ru": "Unit1Ru", "created_at": "2022-06-29T10:33:33.675", "updated_at": "2022-06-29T10:33:33.675"}}, {"model": "common.unit", "pk": 2, "fields": {"name_uz": "Unit2Uz", "name_en": "Unit2En", "name_ru": "Unit2Ru", "created_at": "2022-06-29T10:34:00.385", "updated_at": "2022-06-29T10:34:00.385"}}, {"model": "common.unit", "pk": 3, "fields": {"name_uz": "Unit3Uz", "name_en": "Unit3En", "name_ru": "Unit3Ru", "created_at": "2022-06-29T10:34:25.397", "updated_at": "2022-06-29T10:34:25.397"}}, {"model": "survey.biotope", "pk": 1, "fields": {"name_uz": "Biotope One Uz", "name_en": "Biotope One En", "name_ru": "Biotope One Ru", "created_at": "2022-06-29T12:20:42.251", "updated_at": "2022-06-29T12:20:42.251"}}, {"model": "survey.biotope", "pk": 2, "fields": {"name_uz": "Biotope Two Uz", "name_en": "Biotope Two En", "name_ru": "Biotope Two Ru", "created_at": "2022-06-29T12:21:02.331", "updated_at": "2022-06-29T12:21:02.331"}}, {"model": "survey.biotope", "pk": 3, "fields": {"name_uz": "Biotope Three Uz", "name_en": "Biotope Three En", "name_ru": "Biotope Three Ru", "created_at": "2022-06-29T12:21:21.591", "updated_at": "2022-06-29T12:21:21.591"}}, {"model": "survey.vegetation", "pk": 1, "fields": {"name_uz": "Vegetation One Uz", "name_en": "Vegetation One En", "name_ru": "Vegetation One Ru", "created_at": "2022-06-29T12:01:34.509", "updated_at": "2022-06-29T12:01:34.509"}}, {"model": "survey.vegetation", "pk": 2, "fields": {"name_uz": "Vegetation Two Uz", "name_en": "Vegetation Two En", "name_ru": "Vegetation Two  Ru", "created_at": "2022-06-29T12:01:50.903", "updated_at": "2022-06-29T12:01:50.903"}}, {"model": "survey.vegetation", "pk": 3, "fields": {"name_uz": "Vegetation Three Uz", "name_en": "Vegetation Three En", "name_ru": "Vegetation Three Ru", "created_at": "2022-06-29T12:02:11.783", "updated_at": "2022-06-29T12:02:11.783"}}, {"model": "survey.vegetationcover", "pk": 1, "fields": {"name_uz": "Vegetation Cover One Uz", "name_en": "Vegetation Cover One En", "name_ru": "Vegetation Cover One Ru", "created_at": "2022-06-29T12:18:01.954", "updated_at": "2022-06-29T12:18:01.954"}}, {"model": "survey.vegetationcover", "pk": 2, "fields": {"name_uz": "Vegetation Cover Two Uz", "name_en": "Vegetation Cover Two En", "name_ru": "Vegetation Cover Two Ru", "created_at": "2022-06-29T12:18:18.519", "updated_at": "2022-06-29T12:18:18.519"}}, {"model": "survey.vegetationcover", "pk": 3, "fields": {"name_uz": "Vegetation Cover Three Uz", "name_en": "Vegetation Cover Three En", "name_ru": "Vegetation Cover Three Ru", "created_at": "2022-06-29T12:18:36.173", "updated_at": "2022-06-29T12:18:36.173"}}, {"model": "survey.locust", "pk": 1, "fields": {"alpha_code": "Code One", "name_uz": "Locust One Uz", "name_en": "Locust One En", "name_ru": "Locust One Ru", "description_uz": "Description uz", "description_en": "Description en", "description_ru": "Description ru", "created_at": "2022-06-29T11:53:07.774", "updated_at": "2022-06-29T11:53:07.774"}}, {"model": "survey.locust", "pk": 2, "fields": {"alpha_code": "Code Two", "name_uz": "Locust Two Uz", "name_en": "Locust Two En", "name_ru": "Locust Two Ru", "description_uz": "Description Two Uz", "description_en": "Description Two En", "description_ru": "Description Two Ru", "created_at": "2022-06-29T11:54:41.123", "updated_at": "2022-06-29T11:54:41.123"}}, {"model": "survey.locust", "pk": 3, "fields": {"alpha_code": "Code Thr", "name_uz": "Locust Three Uz", "name_en": "Locust Three En", "name_ru": "Locust Three Ru", "description_uz": "Description Three Uz", "description_en": "Description Three En", "description_ru": "Description Three Ru", "created_at": "2022-06-29T11:56:23.563", "updated_at": "2022-06-29T11:56:23.563"}}, {"model": "survey.locustalbum", "pk": 1, "fields": {"locust": 1, "image": "locust/Screen_Shot_2021-11-23_at_09.47.33.png", "created_at": "2022-06-29T11:53:07.779", "updated_at": "2022-06-29T11:53:07.779"}}, {"model": "survey.locustalbum", "pk": 2, "fields": {"locust": 1, "image": "locust/Untitled.png", "created_at": "2022-06-29T11:53:07.787", "updated_at": "2022-06-29T11:53:07.787"}}, {"model": "survey.locustalbum", "pk": 3, "fields": {"locust": 1, "image": "locust/Screenshot_from_2022-06-28_10-11-00.png", "created_at": "2022-06-29T11:53:07.788", "updated_at": "2022-06-29T11:53:07.788"}}, {"model": "survey.locustalbum", "pk": 4, "fields": {"locust": 2, "image": "locust/Locust__dynobird.com__2022-06-18_10_59_36.png", "created_at": "2022-06-29T11:54:41.126", "updated_at": "2022-06-29T11:54:41.126"}}, {"model": "survey.locustalbum", "pk": 5, "fields": {"locust": 2, "image": "locust/image_2022-04-19_15-37-13.png", "created_at": "2022-06-29T11:54:41.128", "updated_at": "2022-06-29T11:54:41.128"}}, {"model": "survey.locustalbum", "pk": 6, "fields": {"locust": 3, "image": "locust/image_2022-04-06_17-10-04.png", "created_at": "2022-06-29T11:56:23.565", "updated_at": "2022-06-29T11:56:23.565"}}, {"model": "survey.locustalbum", "pk": 7, "fields": {"locust": 3, "image": "locust/image_2022-04-19_15-31-01.png", "created_at": "2022-06-29T11:56:23.566", "updated_at": "2022-06-29T11:56:23.566"}}, {"model": "survey.locustalbum", "pk": 8, "fields": {"locust": 3, "image": "locust/EA8A9894.jpg", "created_at": "2022-06-29T11:56:23.567", "updated_at": "2022-06-29T11:56:23.567"}}, {"model": "survey.locustalbum", "pk": 9, "fields": {"locust": 3, "image": "locust/QIlayotgan_Gunohingni_katta-kichikligiga_emas_balki_kimga_jurat_qilib_qilayotganl_MwDQOuJ.png", "created_at": "2022-06-29T11:56:23.569", "updated_at": "2022-06-29T11:56:23.569"}}, {"model": "survey.locuststage", "pk": 1, "fields": {"name_uz": "Locust Stage One Uz", "name_en": "Locust Stage One En", "name_ru": "Locust Stage One Ru", "created_at": "2022-06-29T11:50:37.352", "updated_at": "2022-06-29T11:50:37.352"}}, {"model": "survey.locuststage", "pk": 2, "fields": {"name_uz": "Locust Stage Two Uz", "name_en": "Locust Stage Two En", "name_ru": "Locust Stage Two Ru", "created_at": "2022-06-29T11:50:54.277", "updated_at": "2022-06-29T11:50:54.277"}}, {"model": "survey.locuststage", "pk": 3, "fields": {"name_uz": "Locust Stage Three Uz", "name_en": "Locust Stage Three En", "name_ru": "Locust Stage Three Ru", "created_at": "2022-06-29T11:51:16.860", "updated_at": "2022-06-29T11:51:16.860"}}, {"model": "survey.locustage", "pk": 1, "fields": {"name_uz": "Locust Age One Uz", "name_en": "Locust Age One En", "name_ru": "Locust Age One Ru", "created_at": "2022-06-29T12:19:19.200", "updated_at": "2022-06-29T12:19:19.200"}}, {"model": "survey.locustage", "pk": 2, "fields": {"name_uz": "Locust Age Two Uz", "name_en": "Locust Age Two En", "name_ru": "Locust Age Two Ru", "created_at": "2022-06-29T12:19:35.184", "updated_at": "2022-06-29T12:19:35.184"}}, {"model": "survey.locustage", "pk": 3, "fields": {"name_uz": "Locust Age Three Uz", "name_en": "Locust Age Three En", "name_ru": "Locust Age Three Ru", "created_at": "2022-06-29T12:20:07.923", "updated_at": "2022-06-29T12:20:07.923"}}, {"model": "survey.locustappearance", "pk": 1, "fields": {"name_uz": "Locust Appearance One Uz", "name_en": "Locust Appearance One En", "name_ru": "Locust Appearance One Ru", "created_at": "2022-06-29T12:02:48.593", "updated_at": "2022-06-29T12:02:48.593"}}, {"model": "survey.locustappearance", "pk": 2, "fields": {"name_uz": "Locust Appearance Two Uz", "name_en": "Locust Appearance Two En", "name_ru": "Locust Appearance Two Ru", "created_at": "2022-06-29T12:03:04.510", "updated_at": "2022-06-29T12:03:04.510"}}, {"model": "survey.locustappearance", "pk": 3, "fields": {"name_uz": "Locust Appearance Three Uz", "name_en": "Locust Appearance Three En", "name_ru": "Locust Appearance Three Ru", "created_at": "2022-06-29T12:03:16.212", "updated_at": "2022-06-29T12:03:16.212"}}, {"model": "survey.naturalenemy", "pk": 1, "fields": {"name_uz": "Natural Enemy One Uz", "name_en": "Natural Enemy One En", "name_ru": "Natural Enemy One Ru", "created_at": "2022-06-29T12:16:33.734", "updated_at": "2022-06-29T12:16:33.734"}}, {"model": "survey.naturalenemy", "pk": 2, "fields": {"name_uz": "Natural Enemy Two Uz", "name_en": "Natural Enemy Two En", "name_ru": "Natural Enemy Two Ru", "created_at": "2022-06-29T12:16:58.553", "updated_at": "2022-06-29T12:16:58.553"}}, {"model": "survey.naturalenemy", "pk": 3, "fields": {"name_uz": "Natural Enemy Three Uz", "name_en": "Natural Enemy Three En", "name_ru": "Natural Enemy Three Ru", "created_at": "2022-06-29T12:17:26.453", "updated_at": "2022-06-29T12:17:26.453"}}, {"model": "survey.egghatching", "pk": 1, "fields": {"name_uz": "Egg Hatching One Uz", "name_en": "Egg Hatching One En", "name_ru": "Egg Hatching One Ru", "created_at": "2022-06-29T12:06:58.361", "updated_at": "2022-06-29T12:06:58.361"}}, {"model": "survey.egghatching", "pk": 2, "fields": {"name_uz": "Egg Hatching Two Uz", "name_en": "Egg Hatching Two En", "name_ru": "Egg Hatching Two Ru", "created_at": "2022-06-29T12:07:20.448", "updated_at": "2022-06-29T12:07:20.448"}}, {"model": "survey.egghatching", "pk": 3, "fields": {"name_uz": "Egg Hatching Three Uz", "name_en": "Egg Hatching Three En", "name_ru": "Egg Hatching Three Ru", "created_at": "2022-06-29T12:07:43.984", "updated_at": "2022-06-29T12:07:43.984"}}, {"model": "survey.behaviour", "pk": 1, "fields": {"name_uz": "Behaviour One Uz", "name_en": "Behaviour One En", "name_ru": "Behaviour One Ru", "created_at": "2022-06-29T12:03:54.374", "updated_at": "2022-06-29T12:03:54.374"}}, {"model": "survey.behaviour", "pk": 2, "fields": {"name_uz": "Behaviour Two Uz", "name_en": "Behaviour Two En", "name_ru": "Behaviour Two Ru", "created_at": "2022-06-29T12:04:38.154", "updated_at": "2022-06-29T12:04:38.154"}}, {"model": "survey.behaviour", "pk": 3, "fields": {"name_uz": "Behaviour Three Uz", "name_en": "Behaviour Three  En", "name_ru": "Behaviour Three Ru", "created_at": "2022-06-29T12:04:49.367", "updated_at": "2022-06-29T12:04:49.367"}}, {"model": "survey.fledging", "pk": 1, "fields": {"name_uz": "Fledging One Uz", "name_en": "Fledging One En", "name_ru": "Fledging One Ru", "created_at": "2022-06-27T20:02:08.778", "updated_at": "2022-06-29T12:08:17.793"}}, {"model": "survey.fledging", "pk": 2, "fields": {"name_uz": "Fledging Two Uz", "name_en": "Fledging Two  En", "name_ru": "Fledging Two Ru", "created_at": "2022-06-29T12:08:41.527", "updated_at": "2022-06-29T12:08:41.527"}}, {"model": "survey.fledging", "pk": 3, "fields": {"name_uz": "Fledging Three Uz", "name_en": "Fledging Three En", "name_ru": "Fledging Three Ru", "created_at": "2022-06-29T12:09:06.094", "updated_at": "2022-06-29T12:09:06.094"}}, {"model": "survey.swarmdensity", "pk": 1, "fields": {"name_uz": "Swarm Density One Uz", "name_en": "Swarm Density One En", "name_ru": "Swarm Density One Ru", "created_at": "2022-07-13T17:35:35.243", "updated_at": "2022-07-13T17:35:35.243"}}, {"model": "survey.swarmdensity", "pk": 2, "fields": {"name_uz": "Swarm Density Two Uz", "name_en": "Swarm Density Two En", "name_ru": "Swarm Density Two Ru", "created_at": "2022-07-13T17:35:48.967", "updated_at": "2022-07-13T17:35:48.967"}}, {"model": "survey.swarmdensity", "pk": 3, "fields": {"name_uz": "Swarm Density Three Uz", "name_en": "Swarm Density Three En", "name_ru": "Swarm Density Three Ru", "created_at": "2022-07-13T17:36:05.364", "updated_at": "2022-07-13T17:36:05.364"}}, {"model": "survey.survey", "pk": 3, "fields": {"district": 3, "territory_name": "Quyioqboy4", "geometry": "SRID=4326;MULTIPOINT (-0.057319372426718 0.0265313314571259, -0.02454541856423 0.0190700656938718, -0.037381789879873 -0.008496211344939, -0.007055571768433 -0.0143503209938415)", "agronomist": 5, "surveyed_area_in_ha": "111.0000", "biotope": 3, "vegetation": 3, "vegetation_cover": 3, "temperature": "+29+34", "wind": "12", "damaged_area_in_ha": "11.0000", "note": "Note askkka jasndjx ans xn nbsa bnxans xnb", "status": 2, "approved_at": "2022-07-18T10:40:23", "created_at": "2022-06-30T11:17:21.158", "updated_at": "2022-07-18T11:10:27.942", "locust_appearance": [2], "locusts": [2]}}, {"model": "survey.survey", "pk": 102, "fields": {"district": 1, "territory_name": "Quyioqboy2", "geometry": "SRID=4326;MULTIPOINT (-0.057319372426718 0.0265313314571259, -0.02454541856423 0.0190700656938718, -0.037381789879873 -0.008496211344939, -0.007055571768433 -0.0143503209938415)", "agronomist": 5, "surveyed_area_in_ha": "111.0000", "biotope": 1, "vegetation": 2, "vegetation_cover": 2, "temperature": "+29+34", "wind": "12", "damaged_area_in_ha": "11.0000", "note": "Note askkka jasndjx ans xn nbsa bnxans xnb", "status": 2, "approved_at": "2022-07-18T10:57:48", "created_at": "2022-07-03T12:17:01.761", "updated_at": "2022-07-18T14:06:43.968", "locust_appearance": [1, 3], "locusts": [3, 2]}}, {"model": "survey.survey", "pk": 122, "fields": {"district": 1, "territory_name": "Quyioqboy7", "geometry": "SRID=4326;MULTIPOINT (-0.057319372426718 0.0265313314571259, -0.02454541856423 0.0190700656938718, -0.037381789879873 -0.008496211344939, -0.007055571768433 -0.0143503209938415)", "agronomist": 5, "surveyed_area_in_ha": "111.0000", "biotope": 1, "vegetation": 2, "vegetation_cover": 2, "temperature": "+29+34", "wind": "12", "damaged_area_in_ha": "11.0000", "note": "Note askkka jasndjx ans xn nbsa bnxans xnb", "status": 2, "approved_at": "2022-08-04T14:06:00.852", "created_at": "2022-07-16T22:04:14.570", "updated_at": "2022-08-04T14:06:00.852", "locust_appearance": [1, 3], "locusts": [3, 2]}}, {"model": "survey.survey", "pk": 123, "fields": {"district": 1, "territory_name": "Quyioqboy7", "geometry": "SRID=4326;MULTIPOINT (-0.057319372426718 0.0265313314571259, -0.02454541856423 0.0190700656938718, -0.037381789879873 -0.008496211344939, -0.007055571768433 -0.0143503209938415)", "agronomist": 5, "surveyed_area_in_ha": "111.0000", "biotope": 1, "vegetation": 2, "vegetation_cover": 2, "temperature": "+29+34", "wind": "12", "damaged_area_in_ha": "11.0000", "note": "Note askkka jasndjx ans xn nbsa bnxans xnb", "status": 1, "approved_at": null, "created_at": "2022-07-16T22:04:47.089", "updated_at": "2022-07-18T14:13:31.694", "locust_appearance": [1, 3], "locusts": [3, 2]}}, {"model": "survey.survey", "pk": 124, "fields": {"district": 1, "territory_name": "Quyioqboy7", "geometry": "SRID=4326;MULTIPOINT (-0.057319372426718 0.0265313314571259, -0.02454541856423 0.0190700656938718, -0.037381789879873 -0.008496211344939, -0.007055571768433 -0.0143503209938415)", "agronomist": 5, "surveyed_area_in_ha": "111.0000", "biotope": 1, "vegetation": 2, "vegetation_cover": 2, "temperature": "+29+34", "wind": "12", "damaged_area_in_ha": "11.0000", "note": "Note askkka jasndjx ans xn nbsa bnxans xnb", "status": 2, "approved_at": "2022-07-16T22:30:24", "created_at": "2022-07-16T22:06:14.809", "updated_at": "2022-07-18T13:30:24.868", "locust_appearance": [1, 3], "locusts": [3, 2]}}, {"model": "survey.survey", "pk": 125, "fields": {"district": 1, "territory_name": "Yakuzi", "geometry": "SRID=4326;MULTIPOINT EMPTY", "agronomist": 5, "surveyed_area_in_ha": "44.0000", "biotope": 1, "vegetation": 1, "vegetation_cover": 1, "temperature": "11", "wind": "1", "damaged_area_in_ha": "23.0000", "note": "weqdcx wd adsd qas asd", "status": 1, "approved_at": null, "created_at": "2022-07-19T10:50:35.169", "updated_at": "2022-07-19T10:50:35.169", "locust_appearance": [1], "locusts": [1, 2]}}, {"model": "survey.survey", "pk": 126, "fields": {"district": 1, "territory_name": "yyrrrrr", "geometry": "SRID=4326;MULTIPOINT EMPTY", "agronomist": 5, "surveyed_area_in_ha": "11.0000", "biotope": 1, "vegetation": 1, "vegetation_cover": 1, "temperature": "55", "wind": "2", "damaged_area_in_ha": "5.0000", "note": "sfdvgdsv df s fds fsd fsd fsf", "status": 1, "approved_at": null, "created_at": "2022-07-19T15:54:39.912", "updated_at": "2022-07-19T15:54:39.912", "locust_appearance": [1], "locusts": [1, 2]}}, {"model": "survey.survey", "pk": 127, "fields": {"district": 3, "territory_name": "wertwefdsf", "geometry": "SRID=4326;MULTIPOINT EMPTY", "agronomist": 5, "surveyed_area_in_ha": "44.0000", "biotope": 3, "vegetation": 1, "vegetation_cover": 1, "temperature": "55", "wind": "1", "damaged_area_in_ha": "12.0000", "note": "asdasdadasd asd a dwq ads asd", "status": 1, "approved_at": null, "created_at": "2022-07-19T16:30:18.503", "updated_at": "2022-07-19T16:30:18.503", "locust_appearance": [1], "locusts": [1, 2]}}, {"model": "survey.survey", "pk": 128, "fields": {"district": 3, "territory_name": "wertwefdsf", "geometry": "SRID=4326;MULTIPOINT EMPTY", "agronomist": 5, "surveyed_area_in_ha": "44.0000", "biotope": 3, "vegetation": 1, "vegetation_cover": 1, "temperature": "55", "wind": "1", "damaged_area_in_ha": "12.0000", "note": "asdasdadasd asd a dwq ads asd", "status": 2, "approved_at": "2022-08-04T13:26:45.774", "created_at": "2022-07-19T16:34:28.553", "updated_at": "2022-08-04T13:26:45.774", "locust_appearance": [1], "locusts": [1, 2]}}, {"model": "survey.survey", "pk": 130, "fields": {"district": 3, "territory_name": "wertwefdsf", "geometry": "SRID=4326;MULTIPOINT EMPTY", "agronomist": 5, "surveyed_area_in_ha": "44.0000", "biotope": 3, "vegetation": 1, "vegetation_cover": 1, "temperature": "55", "wind": "1", "damaged_area_in_ha": "12.0000", "note": "asdasdadasd asd a dwq ads asd", "status": 2, "approved_at": "2022-08-04T14:04:17.645", "created_at": "2022-07-19T16:35:29.873", "updated_at": "2022-08-04T14:04:17.645", "locust_appearance": [1], "locusts": [1, 2]}}, {"model": "survey.survey", "pk": 131, "fields": {"district": 3, "territory_name": "wertwefdsf", "geometry": "SRID=4326;MULTIPOINT EMPTY", "agronomist": 5, "surveyed_area_in_ha": "44.0000", "biotope": 3, "vegetation": 1, "vegetation_cover": 1, "temperature": "55", "wind": "1", "damaged_area_in_ha": "12.0000", "note": "asdasdadasd asd a dwq ads asd", "status": 1, "approved_at": null, "created_at": "2022-07-19T16:35:43.522", "updated_at": "2022-07-19T16:35:43.522", "locust_appearance": [1], "locusts": [1, 2]}}, {"model": "survey.survey", "pk": 132, "fields": {"district": 3, "territory_name": "wertwefdsf", "geometry": "SRID=4326;MULTIPOINT EMPTY", "agronomist": 5, "surveyed_area_in_ha": "44.0000", "biotope": 3, "vegetation": 1, "vegetation_cover": 1, "temperature": "55", "wind": "1", "damaged_area_in_ha": "12.0000", "note": "asdasdadasd asd a dwq ads asd", "status": 1, "approved_at": null, "created_at": "2022-07-19T16:37:07.374", "updated_at": "2022-07-19T16:37:07.374", "locust_appearance": [1], "locusts": [1, 2]}}, {"model": "survey.survey", "pk": 133, "fields": {"district": 3, "territory_name": "Yaylov", "geometry": "SRID=4326;MULTIPOINT (41.2732198 69.356847, 41.2732198 69.356847)", "agronomist": 5, "surveyed_area_in_ha": "41.0000", "biotope": 3, "vegetation": 3, "vegetation_cover": 3, "temperature": "34", "wind": "1", "damaged_area_in_ha": "10.0000", "note": "asd dfgdf wefsd fa", "status": 1, "approved_at": null, "created_at": "2022-07-20T11:14:51.769", "updated_at": "2022-07-20T11:14:51.769", "locust_appearance": [1], "locusts": [1, 2]}}, {"model": "survey.survey", "pk": 134, "fields": {"district": 4, "territory_name": "Krasnodorsk", "geometry": "SRID=4326;MULTIPOINT (41.2732198 69.356847, 41.2732198 69.356847)", "agronomist": 5, "surveyed_area_in_ha": "22.0000", "biotope": 3, "vegetation": 1, "vegetation_cover": 1, "temperature": "15", "wind": "1", "damaged_area_in_ha": "10.0000", "note": "asfdas sfsdf sdf sdf", "status": 1, "approved_at": null, "created_at": "2022-07-20T11:19:28.926", "updated_at": "2022-07-20T11:19:28.926", "locust_appearance": [1], "locusts": [1, 2]}}, {"model": "survey.survey", "pk": 135, "fields": {"district": 3, "territory_name": "ksdsd", "geometry": "SRID=4326;MULTIPOINT (41.3237248 69.2584448)", "agronomist": 5, "surveyed_area_in_ha": "6.0000", "biotope": 1, "vegetation": 1, "vegetation_cover": 1, "temperature": "40", "wind": "1", "damaged_area_in_ha": "3.0000", "note": "asdasd ad asd", "status": 1, "approved_at": null, "created_at": "2022-07-20T11:45:47.036", "updated_at": "2022-07-20T11:45:47.036", "locust_appearance": [1], "locusts": [1, 2]}}, {"model": "survey.survey", "pk": 136, "fields": {"district": 3, "territory_name": "Yaypan", "geometry": "SRID=4326;MULTIPOINT (41.3237248 69.2584448, 41.3237248 69.2584448)", "agronomist": 5, "surveyed_area_in_ha": "66.0000", "biotope": 1, "vegetation": 1, "vegetation_cover": 1, "temperature": "60", "wind": "2", "damaged_area_in_ha": "55.0000", "note": "adas asdasd ada sd asd", "status": 1, "approved_at": null, "created_at": "2022-07-20T11:51:20.869", "updated_at": "2022-07-20T11:51:20.869", "locust_appearance": [1], "locusts": [1, 2]}}, {"model": "survey.survey", "pk": 137, "fields": {"district": 3, "territory_name": "Qibray", "geometry": "SRID=4326;MULTIPOINT (41.2732168 69.3568499, 41.2732168 69.3568499)", "agronomist": 5, "surveyed_area_in_ha": "40.0000", "biotope": 1, "vegetation": 1, "vegetation_cover": 3, "temperature": "40", "wind": "2", "damaged_area_in_ha": "20.0000", "note": "sjdkfjs sdf sdf sdf", "status": 1, "approved_at": null, "created_at": "2022-07-20T13:15:41.811", "updated_at": "2022-07-20T13:15:41.811", "locust_appearance": [1], "locusts": [1, 2]}}, {"model": "survey.survey", "pk": 138, "fields": {"district": 3, "territory_name": "Qibray", "geometry": "SRID=4326;MULTIPOINT (41.2732168 69.3568499, 41.2732168 69.3568499)", "agronomist": 5, "surveyed_area_in_ha": "40.0000", "biotope": 1, "vegetation": 1, "vegetation_cover": 3, "temperature": "40", "wind": "2", "damaged_area_in_ha": "20.0000", "note": "sjdkfjs sdf sdf sdf", "status": 1, "approved_at": null, "created_at": "2022-07-20T13:16:36.471", "updated_at": "2022-07-20T13:16:36.471", "locust_appearance": [1], "locusts": [1, 2]}}, {"model": "survey.survey", "pk": 139, "fields": {"district": 1, "territory_name": "Quyioqboy7", "geometry": "SRID=4326;MULTIPOINT (-0.057319372426718 0.026531331457126, -0.02454541856423 0.019070065693872, -0.037381789879873 -0.008496211344939, -0.007055571768433 -0.014350320993842)", "agronomist": 5, "surveyed_area_in_ha": "111.0000", "biotope": 1, "vegetation": 2, "vegetation_cover": 2, "temperature": "+29+34", "wind": "12", "damaged_area_in_ha": "11.0000", "note": "Note askkka jasndjx ans xn nbsa bnxans xnb", "status": 1, "approved_at": null, "created_at": "2022-07-29T03:47:16.015", "updated_at": "2022-07-29T03:47:16.016", "locust_appearance": [1, 3], "locusts": [3, 2]}}, {"model": "survey.survey", "pk": 140, "fields": {"district": 1, "territory_name": "Quyioqboy7", "geometry": "SRID=4326;MULTIPOINT (-0.057319372426718 0.026531331457126, -0.02454541856423 0.019070065693872, -0.037381789879873 -0.008496211344939, -0.007055571768433 -0.014350320993842)", "agronomist": 5, "surveyed_area_in_ha": "111.0000", "biotope": 1, "vegetation": 2, "vegetation_cover": 2, "temperature": "+29+34", "wind": "12", "damaged_area_in_ha": "11.0000", "note": "Note askkka jasndjx ans xn nbsa bnxans xnb", "status": 1, "approved_at": null, "created_at": "2022-07-29T03:47:57.647", "updated_at": "2022-07-29T03:47:57.647", "locust_appearance": [1, 3], "locusts": [3, 2]}}, {"model": "survey.survey", "pk": 141, "fields": {"district": 1, "territory_name": "Quyioqboy7", "geometry": "SRID=4326;MULTIPOINT (-0.057319372426718 0.026531331457126, -0.02454541856423 0.019070065693872, -0.037381789879873 -0.008496211344939, -0.007055571768433 -0.014350320993842)", "agronomist": 5, "surveyed_area_in_ha": "111.0000", "biotope": 1, "vegetation": 2, "vegetation_cover": 2, "temperature": "+29+34", "wind": "12", "damaged_area_in_ha": "11.0000", "note": "Note askkka jasndjx ans xn nbsa bnxans xnb", "status": 1, "approved_at": null, "created_at": "2022-07-29T04:13:51.805", "updated_at": "2022-07-29T04:13:51.805", "locust_appearance": [1, 3], "locusts": [3, 2]}}, {"model": "survey.survey", "pk": 142, "fields": {"district": 3, "territory_name": "oqsaroy", "geometry": "SRID=4326;MULTIPOINT (41.2953862 69.2480334, 41.2953776 69.24804)", "agronomist": 5, "surveyed_area_in_ha": "50.0000", "biotope": 3, "vegetation": 1, "vegetation_cover": 1, "temperature": "+25", "wind": "2", "damaged_area_in_ha": "5.0000", "note": "asdfaasd asd dss fsd sdf dsf", "status": 1, "approved_at": null, "created_at": "2022-08-03T15:15:00.317", "updated_at": "2022-08-03T15:15:00.317", "locust_appearance": [1], "locusts": [1, 2]}}, {"model": "survey.survey", "pk": 143, "fields": {"district": 3, "territory_name": "oqsaroy", "geometry": "SRID=4326;MULTIPOINT (41.2953831 69.2480288)", "agronomist": 5, "surveyed_area_in_ha": "50.0000", "biotope": 3, "vegetation": 1, "vegetation_cover": 1, "temperature": "+25", "wind": "2", "damaged_area_in_ha": "5.0000", "note": "asdfaasd asd dss fsd sdf dsf", "status": 1, "approved_at": null, "created_at": "2022-08-03T15:15:48.646", "updated_at": "2022-08-03T15:15:48.646", "locust_appearance": [1], "locusts": [1, 2]}}, {"model": "survey.survey", "pk": 144, "fields": {"district": 3, "territory_name": "changtepa", "geometry": "SRID=4326;MULTIPOINT (41.2953882 69.248028, 41.2953836 69.2480304, 41.2953795 69.248035)", "agronomist": 5, "surveyed_area_in_ha": "20.0000", "biotope": 3, "vegetation": 3, "vegetation_cover": 3, "temperature": "2", "wind": "1", "damaged_area_in_ha": "5.0000", "note": "asdadasd as sdf s fs fs", "status": 1, "approved_at": null, "created_at": "2022-08-03T15:28:26.585", "updated_at": "2022-08-03T15:28:26.585", "locust_appearance": [1], "locusts": [1, 2]}}, {"model": "survey.survey", "pk": 145, "fields": {"district": 3, "territory_name": "changtepa", "geometry": "SRID=4326;MULTIPOINT (41.2953882 69.248028, 41.2953836 69.2480304, 41.2953795 69.248035)", "agronomist": 5, "surveyed_area_in_ha": "20.0000", "biotope": 3, "vegetation": 3, "vegetation_cover": 3, "temperature": "2", "wind": "1", "damaged_area_in_ha": "5.0000", "note": "asdadasd as sdf s fs fs", "status": 2, "approved_at": "2022-08-04T14:04:59.413", "created_at": "2022-08-03T15:29:02.117", "updated_at": "2022-08-04T14:04:59.413", "locust_appearance": [1], "locusts": [1, 2]}}, {"model": "survey.survey", "pk": 146, "fields": {"district": 3, "territory_name": "changtepa", "geometry": "SRID=4326;MULTIPOINT (41.2953882 69.248028, 41.2953836 69.2480304, 41.2953795 69.248035)", "agronomist": 5, "surveyed_area_in_ha": "20.0000", "biotope": 3, "vegetation": 3, "vegetation_cover": 3, "temperature": "2", "wind": "1", "damaged_area_in_ha": "5.0000", "note": "asdadasd as sdf s fs fs", "status": 1, "approved_at": null, "created_at": "2022-08-03T15:44:15.615", "updated_at": "2022-08-03T15:44:15.615", "locust_appearance": [1], "locusts": [1, 2]}}, {"model": "survey.survey", "pk": 147, "fields": {"district": 3, "territory_name": "changtepa", "geometry": "SRID=4326;MULTIPOINT (41.2953807 69.2480369, 41.295385 69.2480336)", "agronomist": 5, "surveyed_area_in_ha": "20.0000", "biotope": 3, "vegetation": 3, "vegetation_cover": 3, "temperature": "2", "wind": "1", "damaged_area_in_ha": "5.0000", "note": "asdadasd as sdf s fs fs", "status": 1, "approved_at": null, "created_at": "2022-08-03T15:45:19.140", "updated_at": "2022-08-03T15:45:19.140", "locust_appearance": [1], "locusts": [1, 2]}}, {"model": "survey.survey", "pk": 148, "fields": {"district": 2, "territory_name": "retw wedw w", "geometry": "SRID=4326;MULTIPOINT (41.2953822 69.2480327)", "agronomist": 5, "surveyed_area_in_ha": "44.0000", "biotope": 3, "vegetation": 1, "vegetation_cover": 3, "temperature": "5", "wind": "1", "damaged_area_in_ha": "12.0000", "note": "dasdca asd asd xs x q qs", "status": 1, "approved_at": null, "created_at": "2022-08-05T16:05:46.387", "updated_at": "2022-08-05T16:05:46.387", "locust_appearance": [1], "locusts": [1, 2]}}, {"model": "survey.survey", "pk": 149, "fields": {"district": 1, "territory_name": "Sariq", "geometry": "SRID=4326;MULTIPOINT (41.2953865 69.2480318)", "agronomist": 5, "surveyed_area_in_ha": "5.0000", "biotope": 3, "vegetation": 1, "vegetation_cover": 1, "temperature": "15", "wind": "5", "damaged_area_in_ha": "12.0000", "note": "adsas asda da da", "status": 1, "approved_at": null, "created_at": "2022-08-05T16:09:42.980", "updated_at": "2022-08-05T16:09:42.980", "locust_appearance": [1], "locusts": [1, 2]}}, {"model": "survey.survey", "pk": 150, "fields": {"district": 1, "territory_name": "Sariq", "geometry": "SRID=4326;MULTIPOINT (41.2953865 69.2480318)", "agronomist": 5, "surveyed_area_in_ha": "5.0000", "biotope": 3, "vegetation": 1, "vegetation_cover": 1, "temperature": "15", "wind": "5", "damaged_area_in_ha": "12.0000", "note": "adsas asda da da", "status": 1, "approved_at": null, "created_at": "2022-08-05T16:12:32.300", "updated_at": "2022-08-05T16:12:32.300", "locust_appearance": [1], "locusts": [1, 2]}}, {"model": "survey.survey", "pk": 151, "fields": {"district": 1, "territory_name": "Sariq", "geometry": "SRID=4326;MULTIPOINT (41.2953865 69.2480318)", "agronomist": 5, "surveyed_area_in_ha": "5.0000", "biotope": 3, "vegetation": 1, "vegetation_cover": 1, "temperature": "15", "wind": "5", "damaged_area_in_ha": "12.0000", "note": "adsas asda da da", "status": 1, "approved_at": null, "created_at": "2022-08-05T16:14:53.797", "updated_at": "2022-08-05T16:14:53.797", "locust_appearance": [1], "locusts": [1, 2]}}, {"model": "survey.survey", "pk": 152, "fields": {"district": 4, "territory_name": "Qizil", "geometry": "SRID=4326;MULTIPOINT (41.2953808 69.2480341)", "agronomist": 5, "surveyed_area_in_ha": "6.0000", "biotope": 1, "vegetation": 3, "vegetation_cover": 1, "temperature": "33", "wind": "1", "damaged_area_in_ha": "3.0000", "note": "edfwdfc sdfc sdc wcd dc", "status": 1, "approved_at": null, "created_at": "2022-08-05T16:29:52.660", "updated_at": "2022-08-05T16:29:52.660", "locust_appearance": [1], "locusts": [1, 2]}}, {"model": "survey.survey", "pk": 153, "fields": {"district": 4, "territory_name": "Qizil", "geometry": "SRID=4326;MULTIPOINT (41.2953808 69.2480341)", "agronomist": 5, "surveyed_area_in_ha": "6.0000", "biotope": 1, "vegetation": 3, "vegetation_cover": 1, "temperature": "33", "wind": "1", "damaged_area_in_ha": "3.0000", "note": "edfwdfc sdfc sdc wcd dc", "status": 1, "approved_at": null, "created_at": "2022-08-05T16:32:41.029", "updated_at": "2022-08-05T16:32:41.029", "locust_appearance": [1], "locusts": [1, 2]}}, {"model": "survey.survey", "pk": 154, "fields": {"district": 4, "territory_name": "Qizil", "geometry": "SRID=4326;MULTIPOINT (41.2953808 69.2480341)", "agronomist": 5, "surveyed_area_in_ha": "6.0000", "biotope": 1, "vegetation": 3, "vegetation_cover": 1, "temperature": "33", "wind": "1", "damaged_area_in_ha": "3.0000", "note": "edfwdfc sdfc sdc wcd dc", "status": 1, "approved_at": null, "created_at": "2022-08-05T16:33:55.139", "updated_at": "2022-08-05T16:33:55.139", "locust_appearance": [1], "locusts": [1, 2]}}, {"model": "survey.survey", "pk": 155, "fields": {"district": 4, "territory_name": "Qizil", "geometry": "SRID=4326;MULTIPOINT (41.2953808 69.2480341)", "agronomist": 5, "surveyed_area_in_ha": "6.0000", "biotope": 1, "vegetation": 3, "vegetation_cover": 1, "temperature": "33", "wind": "1", "damaged_area_in_ha": "3.0000", "note": "edfwdfc sdfc sdc wcd dc", "status": 1, "approved_at": null, "created_at": "2022-08-05T16:35:55.271", "updated_at": "2022-08-05T16:35:55.271", "locust_appearance": [1], "locusts": [1, 2]}}, {"model": "survey.survey", "pk": 156, "fields": {"district": 4, "territory_name": "13RAYON", "geometry": "SRID=4326;MULTIPOINT (41.2953832 69.2480296)", "agronomist": 5, "surveyed_area_in_ha": "8.0000", "biotope": 1, "vegetation": 1, "vegetation_cover": 3, "temperature": "55", "wind": "2", "damaged_area_in_ha": "53.0000", "note": "rrrrrrrrrrrttttttttttt", "status": 1, "approved_at": null, "created_at": "2022-08-05T16:38:26.247", "updated_at": "2022-08-05T17:46:36.753", "locust_appearance": [1], "locusts": [1, 2]}}, {"model": "survey.surveyalbum", "pk": 6, "fields": {"survey": 3, "image": "survey/djangoforprofessionals.jpeg", "created_at": "2022-06-30T11:23:11.876", "updated_at": "2022-06-30T11:23:11.876"}}, {"model": "survey.surveyalbum", "pk": 7, "fields": {"survey": 3, "image": "survey/Проекты_BEHy1lT.png", "created_at": "2022-06-30T11:23:11.878", "updated_at": "2022-06-30T11:23:11.878"}}, {"model": "survey.surveyalbum", "pk": 8, "fields": {"survey": 128, "image": "survey/Screen_Shot_2022-03-15_at_14.29.50.png", "created_at": "2022-07-04T08:21:37.102", "updated_at": "2022-07-04T08:21:37.102"}}, {"model": "survey.surveyalbum", "pk": 9, "fields": {"survey": 128, "image": "survey/Screen_Shot_2022-07-08_at_17.48.46.png", "created_at": "2022-07-18T13:26:38.209", "updated_at": "2022-07-18T13:26:38.210"}}, {"model": "survey.surveyalbum", "pk": 13, "fields": {"survey": 124, "image": "survey/Screen_Shot_2022-07-08_at_17.48.46_Pjx8qJG.png", "created_at": "2022-07-18T13:30:30.157", "updated_at": "2022-07-18T13:30:30.157"}}, {"model": "survey.surveyalbum", "pk": 18, "fields": {"survey": 123, "image": "survey/Screen_Shot_2022-07-18_at_05.30.33_4vmhHpN.png", "created_at": "2022-07-18T14:13:41.539", "updated_at": "2022-07-18T14:13:41.539"}}, {"model": "survey.surveyalbum", "pk": 19, "fields": {"survey": 123, "image": "survey/Screen_Shot_2022-07-08_at_17.48.46_ON4rKfN.png", "created_at": "2022-07-18T14:13:41.547", "updated_at": "2022-07-18T14:13:41.547"}}, {"model": "survey.surveyalbum", "pk": 20, "fields": {"survey": 123, "image": "survey/Screen_Shot_2022-07-18_at_05.30.33_NywzZlV.png", "created_at": "2022-07-18T14:17:22.972", "updated_at": "2022-07-18T14:17:22.972"}}, {"model": "survey.surveyalbum", "pk": 21, "fields": {"survey": 123, "image": "survey/Screen_Shot_2022-07-08_at_17.48.46_WvvnJP6.png", "created_at": "2022-07-18T14:17:22.983", "updated_at": "2022-07-18T14:17:22.983"}}, {"model": "survey.surveyalbum", "pk": 22, "fields": {"survey": 128, "image": "survey/Screen_Shot_2022-07-18_at_05.30.33_MoD3m2o.png", "created_at": "2022-07-18T21:07:35.180", "updated_at": "2022-07-18T21:07:35.180"}}, {"model": "survey.surveyalbum", "pk": 23, "fields": {"survey": 128, "image": "survey/Screen_Shot_2022-07-08_at_17.48.46_ieQg7Ye.png", "created_at": "2022-07-18T21:07:35.190", "updated_at": "2022-07-18T21:07:35.190"}}, {"model": "survey.surveyalbum", "pk": 26, "fields": {"survey": 128, "image": "survey/Screen_Shot_2022-07-18_at_05.30.33_swRwijR.png", "created_at": "2022-07-18T22:15:00.503", "updated_at": "2022-07-18T22:15:00.503"}}, {"model": "survey.surveyalbum", "pk": 27, "fields": {"survey": 128, "image": "survey/Screen_Shot_2022-07-08_at_17.48.46_l5Eq2zC.png", "created_at": "2022-07-18T22:15:00.510", "updated_at": "2022-07-18T22:15:00.510"}}, {"model": "survey.surveyalbum", "pk": 28, "fields": {"survey": 128, "image": "survey/Screen_Shot_2022-07-18_at_05.30.33_hEA4vjJ.png", "created_at": "2022-07-18T22:16:23.916", "updated_at": "2022-07-18T22:16:23.916"}}, {"model": "survey.surveyalbum", "pk": 29, "fields": {"survey": 128, "image": "survey/Screen_Shot_2022-07-08_at_17.48.46_9BTlc5D.png", "created_at": "2022-07-18T22:16:23.923", "updated_at": "2022-07-18T22:16:23.923"}}, {"model": "survey.surveyalbum", "pk": 30, "fields": {"survey": 128, "image": "survey/Screen_Shot_2022-07-18_at_05.30.33_oM1e9cn.png", "created_at": "2022-07-18T22:16:45.009", "updated_at": "2022-07-18T22:16:45.009"}}, {"model": "survey.surveyalbum", "pk": 31, "fields": {"survey": 128, "image": "survey/Screen_Shot_2022-07-08_at_17.48.46_nF9A2OU.png", "created_at": "2022-07-18T22:16:45.016", "updated_at": "2022-07-18T22:16:45.016"}}, {"model": "survey.surveyalbum", "pk": 32, "fields": {"survey": 128, "image": "survey/Screen_Shot_2022-07-18_at_05.30.33_Pi6YOp0.png", "created_at": "2022-07-18T22:17:10.134", "updated_at": "2022-07-18T22:17:10.134"}}, {"model": "survey.surveyalbum", "pk": 33, "fields": {"survey": 128, "image": "survey/Screen_Shot_2022-07-08_at_17.48.46_4kAC4ap.png", "created_at": "2022-07-18T22:17:10.141", "updated_at": "2022-07-18T22:17:10.141"}}, {"model": "survey.surveyalbum", "pk": 34, "fields": {"survey": 128, "image": "survey/Screen_Shot_2022-07-18_at_05.30.33_Vw1YAjt.png", "created_at": "2022-07-18T22:17:49.281", "updated_at": "2022-07-18T22:17:49.281"}}, {"model": "survey.surveyalbum", "pk": 35, "fields": {"survey": 128, "image": "survey/Screen_Shot_2022-07-08_at_17.48.46_FEwY5ES.png", "created_at": "2022-07-18T22:17:49.288", "updated_at": "2022-07-18T22:17:49.288"}}, {"model": "survey.surveyalbum", "pk": 40, "fields": {"survey": 132, "image": "survey/Screen_Shot_2022-07-18_at_13.06.38.png", "created_at": "2022-07-19T16:37:35.004", "updated_at": "2022-07-19T16:37:35.004"}}, {"model": "survey.surveyalbum", "pk": 41, "fields": {"survey": 132, "image": "survey/Screen_Shot_2022-07-18_at_13.04.48.png", "created_at": "2022-07-19T16:37:35.011", "updated_at": "2022-07-19T16:37:35.011"}}, {"model": "survey.surveyalbum", "pk": 42, "fields": {"survey": 132, "image": "survey/Screen_Shot_2022-07-07_at_12.56.30.png", "created_at": "2022-07-19T16:37:35.020", "updated_at": "2022-07-19T16:37:35.020"}}, {"model": "survey.surveyalbum", "pk": 43, "fields": {"survey": 133, "image": "survey/Redux_Flow.png", "created_at": "2022-07-20T11:14:54.583", "updated_at": "2022-07-20T11:14:54.583"}}, {"model": "survey.surveyalbum", "pk": 44, "fields": {"survey": 133, "image": "survey/sample.png", "created_at": "2022-07-20T11:14:54.590", "updated_at": "2022-07-20T11:14:54.590"}}, {"model": "survey.surveyalbum", "pk": 45, "fields": {"survey": 134, "image": "survey/Redux_Flow_MKljYMj.png", "created_at": "2022-07-20T11:19:30.811", "updated_at": "2022-07-20T11:19:30.811"}}, {"model": "survey.surveyalbum", "pk": 46, "fields": {"survey": 134, "image": "survey/sample_voATvB3.png", "created_at": "2022-07-20T11:19:30.818", "updated_at": "2022-07-20T11:19:30.818"}}, {"model": "survey.surveyalbum", "pk": 47, "fields": {"survey": 135, "image": "survey/sample_2Ygcr80.png", "created_at": "2022-07-20T11:45:47.793", "updated_at": "2022-07-20T11:45:47.793"}}, {"model": "survey.surveyalbum", "pk": 48, "fields": {"survey": 136, "image": "survey/sample_wUCzUKD.png", "created_at": "2022-07-20T11:51:22.083", "updated_at": "2022-07-20T11:51:22.083"}}, {"model": "survey.surveyalbum", "pk": 49, "fields": {"survey": 137, "image": "survey/sample_wjdShVo.png", "created_at": "2022-07-20T13:15:43.187", "updated_at": "2022-07-20T13:15:43.187"}}, {"model": "survey.surveyalbum", "pk": 50, "fields": {"survey": 138, "image": "survey/sample_gLwlAZu.png", "created_at": "2022-07-20T13:16:37.435", "updated_at": "2022-07-20T13:16:37.435"}}, {"model": "survey.surveyalbum", "pk": 51, "fields": {"survey": 149, "image": "survey/Screen_Shot_2022-05-25_at_10.36.42.png", "created_at": "2022-08-05T16:11:05.736", "updated_at": "2022-08-05T16:11:05.736"}}, {"model": "survey.surveyalbum", "pk": 52, "fields": {"survey": 149, "image": "survey/Screen_Shot_2022-05-25_at_10.39.26.png", "created_at": "2022-08-05T16:11:05.749", "updated_at": "2022-08-05T16:11:05.749"}}, {"model": "survey.surveyalbum", "pk": 53, "fields": {"survey": 149, "image": "survey/Screen_Shot_2022-05-25_at_16.40.03.png", "created_at": "2022-08-05T16:11:05.779", "updated_at": "2022-08-05T16:11:05.779"}}, {"model": "survey.surveyalbum", "pk": 54, "fields": {"survey": 150, "image": "survey/Screen_Shot_2022-07-28_at_10.19.01.png", "created_at": "2022-08-05T16:12:37.815", "updated_at": "2022-08-05T16:12:37.815"}}, {"model": "survey.surveyalbum", "pk": 55, "fields": {"survey": 150, "image": "survey/Screen_Shot_2022-07-18_at_13.06.38_h8I9xCI.png", "created_at": "2022-08-05T16:12:37.821", "updated_at": "2022-08-05T16:12:37.821"}}, {"model": "survey.surveyalbum", "pk": 56, "fields": {"survey": 150, "image": "survey/Screen_Shot_2022-07-18_at_13.04.48_ai852WW.png", "created_at": "2022-08-05T16:12:37.830", "updated_at": "2022-08-05T16:12:37.830"}}, {"model": "survey.surveyalbum", "pk": 57, "fields": {"survey": 151, "image": "survey/Screen_Shot_2022-07-28_at_10.19.01_uLeMop8.png", "created_at": "2022-08-05T16:15:00.371", "updated_at": "2022-08-05T16:15:00.371"}}, {"model": "survey.surveyalbum", "pk": 58, "fields": {"survey": 151, "image": "survey/Screen_Shot_2022-07-18_at_13.06.38_k9cBHaU.png", "created_at": "2022-08-05T16:15:00.375", "updated_at": "2022-08-05T16:15:00.375"}}, {"model": "survey.surveyalbum", "pk": 59, "fields": {"survey": 151, "image": "survey/Screen_Shot_2022-07-18_at_13.04.48_hL79zvz.png", "created_at": "2022-08-05T16:15:00.379", "updated_at": "2022-08-05T16:15:00.379"}}, {"model": "survey.surveyalbum", "pk": 60, "fields": {"survey": 148, "image": "survey/Screen_Shot_2022-04-15_at_14.36.50.png", "created_at": "2022-08-05T16:17:37.969", "updated_at": "2022-08-05T16:17:37.969"}}, {"model": "survey.surveyalbum", "pk": 61, "fields": {"survey": 148, "image": "survey/Screen_Shot_2022-04-19_at_11.25.58.png", "created_at": "2022-08-05T16:17:37.974", "updated_at": "2022-08-05T16:17:37.974"}}, {"model": "survey.surveyalbum", "pk": 62, "fields": {"survey": 148, "image": "survey/Screen_Shot_2022-05-25_at_10.36.42_dNpd2iw.png", "created_at": "2022-08-05T16:17:37.977", "updated_at": "2022-08-05T16:17:37.977"}}, {"model": "survey.surveyalbum", "pk": 63, "fields": {"survey": 152, "image": "survey/Screen_Shot_2022-08-03_at_11.00.10.png", "created_at": "2022-08-05T16:29:59.945", "updated_at": "2022-08-05T16:29:59.945"}}, {"model": "survey.surveyalbum", "pk": 64, "fields": {"survey": 152, "image": "survey/Screen_Shot_2022-08-03_at_10.59.49.png", "created_at": "2022-08-05T16:29:59.951", "updated_at": "2022-08-05T16:29:59.951"}}, {"model": "survey.surveyalbum", "pk": 65, "fields": {"survey": 153, "image": "survey/Screen_Shot_2022-08-03_at_11.00.10_HRpVkuN.png", "created_at": "2022-08-05T16:33:00.592", "updated_at": "2022-08-05T16:33:00.592"}}, {"model": "survey.surveyalbum", "pk": 66, "fields": {"survey": 153, "image": "survey/Screen_Shot_2022-08-03_at_10.59.44.png", "created_at": "2022-08-05T16:33:00.599", "updated_at": "2022-08-05T16:33:00.599"}}, {"model": "survey.surveyalbum", "pk": 67, "fields": {"survey": 153, "image": "survey/Screen_Shot_2022-07-28_at_10.20.12.png", "created_at": "2022-08-05T16:33:00.605", "updated_at": "2022-08-05T16:33:00.605"}}, {"model": "survey.surveyalbum", "pk": 68, "fields": {"survey": 153, "image": "survey/Screen_Shot_2022-07-28_at_10.19.01_acH8ECy.png", "created_at": "2022-08-05T16:33:00.611", "updated_at": "2022-08-05T16:33:00.611"}}, {"model": "survey.surveyalbum", "pk": 69, "fields": {"survey": 154, "image": "survey/Screen_Shot_2022-08-03_at_11.00.10_Hlw6OI0.png", "created_at": "2022-08-05T16:34:13.281", "updated_at": "2022-08-05T16:34:13.281"}}, {"model": "survey.surveyalbum", "pk": 70, "fields": {"survey": 154, "image": "survey/Screen_Shot_2022-08-03_at_10.59.44_BwJT2ur.png", "created_at": "2022-08-05T16:34:13.289", "updated_at": "2022-08-05T16:34:13.289"}}, {"model": "survey.surveyalbum", "pk": 71, "fields": {"survey": 154, "image": "survey/Screen_Shot_2022-07-28_at_10.20.12_fgkV2F6.png", "created_at": "2022-08-05T16:34:13.295", "updated_at": "2022-08-05T16:34:13.295"}}, {"model": "survey.surveyalbum", "pk": 72, "fields": {"survey": 154, "image": "survey/Screen_Shot_2022-07-28_at_10.19.01_Ugn6Q5I.png", "created_at": "2022-08-05T16:34:13.301", "updated_at": "2022-08-05T16:34:13.301"}}, {"model": "survey.surveyalbum", "pk": 73, "fields": {"survey": 155, "image": "survey/Screen_Shot_2022-08-03_at_11.00.10_kAW6lns.png", "created_at": "2022-08-05T16:36:14.469", "updated_at": "2022-08-05T16:36:14.469"}}, {"model": "survey.surveyalbum", "pk": 74, "fields": {"survey": 155, "image": "survey/Screen_Shot_2022-08-03_at_10.59.44_IhD1o2s.png", "created_at": "2022-08-05T16:36:14.483", "updated_at": "2022-08-05T16:36:14.483"}}, {"model": "survey.surveyalbum", "pk": 75, "fields": {"survey": 155, "image": "survey/Screen_Shot_2022-07-28_at_10.20.12_o08pwJo.png", "created_at": "2022-08-05T16:36:14.492", "updated_at": "2022-08-05T16:36:14.492"}}, {"model": "survey.surveyalbum", "pk": 76, "fields": {"survey": 155, "image": "survey/Screen_Shot_2022-07-28_at_10.19.01_KQl0rDp.png", "created_at": "2022-08-05T16:36:14.498", "updated_at": "2022-08-05T16:36:14.498"}}, {"model": "survey.surveyalbum", "pk": 77, "fields": {"survey": 156, "image": "survey/Screen_Shot_2022-07-07_at_12.57.11.png", "created_at": "2022-08-05T16:38:27.743", "updated_at": "2022-08-05T16:38:27.743"}}, {"model": "survey.surveyalbum", "pk": 78, "fields": {"survey": 156, "image": "survey/Screen_Shot_2022-07-07_at_12.56.30_uJ8JQIL.png", "created_at": "2022-08-05T16:38:27.753", "updated_at": "2022-08-05T16:38:27.753"}}, {"model": "survey.locustappearancedetailinfo", "pk": 46, "fields": {"survey": 3, "egg_pod_detected_area": "3.0000", "egg_pod_density_from": "3.00", "egg_pod_density_to": "33.00", "average_number_of_eggs_in_pod": "3.00", "viability_of_eggs": "3.00", "egg_hatching": 3, "hopper_age": 3, "hopper_stage": 3, "hopper_density_from": null, "hopper_density_to": null, "min_density_in_hopper_band": null, "max_density_in_hopper_band": null, "area_of_hopper_bands_in_m2": null, "behaviour": 3, "hopper_age_in_band": 3, "adult_fledging": null, "adult_maturity": true, "adult_stage": null, "adult_feeding_and_roosting": false, "adult_copulating": null, "adult_laying": null, "adult_flying": null, "swarm_maturity": null, "swarm_density": null, "created_at": "2022-07-03T08:51:42.969", "updated_at": "2022-07-03T22:40:18.222", "natural_enemies": [1]}}, {"model": "survey.locustappearancedetailinfo", "pk": 50, "fields": {"survey": 102, "egg_pod_detected_area": "12.0000", "egg_pod_density_from": "12.00", "egg_pod_density_to": "21.00", "average_number_of_eggs_in_pod": "12.00", "viability_of_eggs": "12.00", "egg_hatching": 1, "hopper_age": 3, "hopper_stage": 2, "hopper_density_from": null, "hopper_density_to": null, "min_density_in_hopper_band": null, "max_density_in_hopper_band": null, "area_of_hopper_bands_in_m2": null, "behaviour": 3, "hopper_age_in_band": 1, "adult_fledging": null, "adult_maturity": true, "adult_stage": null, "adult_feeding_and_roosting": false, "adult_copulating": null, "adult_laying": null, "adult_flying": null, "swarm_maturity": null, "swarm_density": null, "created_at": "2022-07-03T12:17:01.769", "updated_at": "2022-07-03T12:17:01.769", "natural_enemies": [3, 2]}}, {"model": "survey.locustappearancedetailinfo", "pk": 61, "fields": {"survey": 122, "egg_pod_detected_area": "12.0000", "egg_pod_density_from": "12.00", "egg_pod_density_to": "21.00", "average_number_of_eggs_in_pod": "12.00", "viability_of_eggs": "12.00", "egg_hatching": 1, "hopper_age": 3, "hopper_stage": 2, "hopper_density_from": null, "hopper_density_to": null, "min_density_in_hopper_band": null, "max_density_in_hopper_band": null, "area_of_hopper_bands_in_m2": null, "behaviour": 3, "hopper_age_in_band": 1, "adult_fledging": null, "adult_maturity": true, "adult_stage": null, "adult_feeding_and_roosting": false, "adult_copulating": null, "adult_laying": null, "adult_flying": null, "swarm_maturity": null, "swarm_density": null, "created_at": "2022-07-16T22:04:14.586", "updated_at": "2022-07-16T22:04:14.586", "natural_enemies": [1]}}, {"model": "survey.locustappearancedetailinfo", "pk": 62, "fields": {"survey": 123, "egg_pod_detected_area": "12.0000", "egg_pod_density_from": "12.00", "egg_pod_density_to": "21.00", "average_number_of_eggs_in_pod": "12.00", "viability_of_eggs": "12.00", "egg_hatching": 1, "hopper_age": 3, "hopper_stage": 2, "hopper_density_from": null, "hopper_density_to": null, "min_density_in_hopper_band": null, "max_density_in_hopper_band": null, "area_of_hopper_bands_in_m2": null, "behaviour": 3, "hopper_age_in_band": 1, "adult_fledging": null, "adult_maturity": true, "adult_stage": null, "adult_feeding_and_roosting": false, "adult_copulating": null, "adult_laying": null, "adult_flying": null, "swarm_maturity": null, "swarm_density": null, "created_at": "2022-07-16T22:04:47.097", "updated_at": "2022-07-16T22:04:47.097", "natural_enemies": [1]}}, {"model": "survey.locustappearancedetailinfo", "pk": 63, "fields": {"survey": 124, "egg_pod_detected_area": "12.0000", "egg_pod_density_from": "12.00", "egg_pod_density_to": "21.00", "average_number_of_eggs_in_pod": "12.00", "viability_of_eggs": "12.00", "egg_hatching": 1, "hopper_age": 3, "hopper_stage": 2, "hopper_density_from": null, "hopper_density_to": null, "min_density_in_hopper_band": null, "max_density_in_hopper_band": null, "area_of_hopper_bands_in_m2": null, "behaviour": 3, "hopper_age_in_band": 1, "adult_fledging": null, "adult_maturity": true, "adult_stage": null, "adult_feeding_and_roosting": false, "adult_copulating": null, "adult_laying": null, "adult_flying": null, "swarm_maturity": null, "swarm_density": null, "created_at": "2022-07-16T22:06:14.840", "updated_at": "2022-07-16T22:06:14.840", "natural_enemies": [1]}}, {"model": "survey.locustappearancedetailinfo", "pk": 64, "fields": {"survey": 125, "egg_pod_detected_area": "10.0000", "egg_pod_density_from": "3.00", "egg_pod_density_to": "6.00", "average_number_of_eggs_in_pod": "20.00", "viability_of_eggs": "80.00", "egg_hatching": null, "hopper_age": null, "hopper_stage": null, "hopper_density_from": null, "hopper_density_to": null, "min_density_in_hopper_band": null, "max_density_in_hopper_band": null, "area_of_hopper_bands_in_m2": null, "behaviour": null, "hopper_age_in_band": null, "adult_fledging": null, "adult_maturity": false, "adult_stage": null, "adult_feeding_and_roosting": false, "adult_copulating": null, "adult_laying": null, "adult_flying": null, "swarm_maturity": null, "swarm_density": null, "created_at": "2022-07-19T10:50:35.202", "updated_at": "2022-07-19T10:50:35.202", "natural_enemies": [1]}}, {"model": "survey.locustappearancedetailinfo", "pk": 65, "fields": {"survey": 126, "egg_pod_detected_area": "4.0000", "egg_pod_density_from": "5.00", "egg_pod_density_to": "9.00", "average_number_of_eggs_in_pod": "40.00", "viability_of_eggs": "70.00", "egg_hatching": null, "hopper_age": null, "hopper_stage": null, "hopper_density_from": null, "hopper_density_to": null, "min_density_in_hopper_band": null, "max_density_in_hopper_band": null, "area_of_hopper_bands_in_m2": null, "behaviour": null, "hopper_age_in_band": null, "adult_fledging": null, "adult_maturity": false, "adult_stage": null, "adult_feeding_and_roosting": false, "adult_copulating": null, "adult_laying": null, "adult_flying": null, "swarm_maturity": null, "swarm_density": null, "created_at": "2022-07-19T15:54:39.927", "updated_at": "2022-07-19T15:54:39.927", "natural_enemies": [1]}}, {"model": "survey.locustappearancedetailinfo", "pk": 66, "fields": {"survey": 127, "egg_pod_detected_area": "15.0000", "egg_pod_density_from": "4.00", "egg_pod_density_to": "8.00", "average_number_of_eggs_in_pod": "44.00", "viability_of_eggs": "70.00", "egg_hatching": null, "hopper_age": null, "hopper_stage": null, "hopper_density_from": null, "hopper_density_to": null, "min_density_in_hopper_band": null, "max_density_in_hopper_band": null, "area_of_hopper_bands_in_m2": null, "behaviour": null, "hopper_age_in_band": null, "adult_fledging": null, "adult_maturity": false, "adult_stage": null, "adult_feeding_and_roosting": false, "adult_copulating": null, "adult_laying": null, "adult_flying": null, "swarm_maturity": null, "swarm_density": null, "created_at": "2022-07-19T16:30:18.520", "updated_at": "2022-07-19T16:30:18.520", "natural_enemies": [1]}}, {"model": "survey.locustappearancedetailinfo", "pk": 67, "fields": {"survey": 128, "egg_pod_detected_area": "15.0000", "egg_pod_density_from": "4.00", "egg_pod_density_to": "8.00", "average_number_of_eggs_in_pod": "44.00", "viability_of_eggs": "70.00", "egg_hatching": null, "hopper_age": null, "hopper_stage": null, "hopper_density_from": null, "hopper_density_to": null, "min_density_in_hopper_band": null, "max_density_in_hopper_band": null, "area_of_hopper_bands_in_m2": null, "behaviour": null, "hopper_age_in_band": null, "adult_fledging": null, "adult_maturity": false, "adult_stage": null, "adult_feeding_and_roosting": false, "adult_copulating": null, "adult_laying": null, "adult_flying": null, "swarm_maturity": null, "swarm_density": null, "created_at": "2022-07-19T16:34:28.565", "updated_at": "2022-07-19T16:34:28.565", "natural_enemies": [1]}}, {"model": "survey.locustappearancedetailinfo", "pk": 69, "fields": {"survey": 130, "egg_pod_detected_area": "15.0000", "egg_pod_density_from": "4.00", "egg_pod_density_to": "8.00", "average_number_of_eggs_in_pod": "44.00", "viability_of_eggs": "70.00", "egg_hatching": null, "hopper_age": null, "hopper_stage": null, "hopper_density_from": null, "hopper_density_to": null, "min_density_in_hopper_band": null, "max_density_in_hopper_band": null, "area_of_hopper_bands_in_m2": null, "behaviour": null, "hopper_age_in_band": null, "adult_fledging": null, "adult_maturity": false, "adult_stage": null, "adult_feeding_and_roosting": false, "adult_copulating": null, "adult_laying": null, "adult_flying": null, "swarm_maturity": null, "swarm_density": null, "created_at": "2022-07-19T16:35:29.883", "updated_at": "2022-07-19T16:35:29.883", "natural_enemies": [1]}}, {"model": "survey.locustappearancedetailinfo", "pk": 70, "fields": {"survey": 131, "egg_pod_detected_area": "15.0000", "egg_pod_density_from": "4.00", "egg_pod_density_to": "8.00", "average_number_of_eggs_in_pod": "44.00", "viability_of_eggs": "70.00", "egg_hatching": null, "hopper_age": null, "hopper_stage": null, "hopper_density_from": null, "hopper_density_to": null, "min_density_in_hopper_band": null, "max_density_in_hopper_band": null, "area_of_hopper_bands_in_m2": null, "behaviour": null, "hopper_age_in_band": null, "adult_fledging": null, "adult_maturity": false, "adult_stage": null, "adult_feeding_and_roosting": false, "adult_copulating": null, "adult_laying": null, "adult_flying": null, "swarm_maturity": null, "swarm_density": null, "created_at": "2022-07-19T16:35:43.531", "updated_at": "2022-07-19T16:35:43.531", "natural_enemies": [1]}}, {"model": "survey.locustappearancedetailinfo", "pk": 71, "fields": {"survey": 132, "egg_pod_detected_area": "15.0000", "egg_pod_density_from": "4.00", "egg_pod_density_to": "8.00", "average_number_of_eggs_in_pod": "44.00", "viability_of_eggs": "70.00", "egg_hatching": null, "hopper_age": null, "hopper_stage": null, "hopper_density_from": null, "hopper_density_to": null, "min_density_in_hopper_band": null, "max_density_in_hopper_band": null, "area_of_hopper_bands_in_m2": null, "behaviour": null, "hopper_age_in_band": null, "adult_fledging": null, "adult_maturity": false, "adult_stage": null, "adult_feeding_and_roosting": false, "adult_copulating": null, "adult_laying": null, "adult_flying": null, "swarm_maturity": null, "swarm_density": null, "created_at": "2022-07-19T16:37:07.383", "updated_at": "2022-07-19T16:37:07.383", "natural_enemies": [1]}}, {"model": "survey.locustappearancedetailinfo", "pk": 72, "fields": {"survey": 133, "egg_pod_detected_area": "6.0000", "egg_pod_density_from": "5.00", "egg_pod_density_to": "9.00", "average_number_of_eggs_in_pod": "20.00", "viability_of_eggs": "30.00", "egg_hatching": null, "hopper_age": null, "hopper_stage": null, "hopper_density_from": null, "hopper_density_to": null, "min_density_in_hopper_band": null, "max_density_in_hopper_band": null, "area_of_hopper_bands_in_m2": null, "behaviour": null, "hopper_age_in_band": null, "adult_fledging": null, "adult_maturity": false, "adult_stage": null, "adult_feeding_and_roosting": false, "adult_copulating": null, "adult_laying": null, "adult_flying": null, "swarm_maturity": null, "swarm_density": null, "created_at": "2022-07-20T11:14:51.786", "updated_at": "2022-07-20T11:14:51.786", "natural_enemies": [1]}}, {"model": "survey.locustappearancedetailinfo", "pk": 73, "fields": {"survey": 134, "egg_pod_detected_area": "5.0000", "egg_pod_density_from": "5.00", "egg_pod_density_to": "8.00", "average_number_of_eggs_in_pod": "54.00", "viability_of_eggs": "60.00", "egg_hatching": null, "hopper_age": null, "hopper_stage": null, "hopper_density_from": null, "hopper_density_to": null, "min_density_in_hopper_band": null, "max_density_in_hopper_band": null, "area_of_hopper_bands_in_m2": null, "behaviour": null, "hopper_age_in_band": null, "adult_fledging": null, "adult_maturity": false, "adult_stage": null, "adult_feeding_and_roosting": false, "adult_copulating": null, "adult_laying": null, "adult_flying": null, "swarm_maturity": null, "swarm_density": null, "created_at": "2022-07-20T11:19:28.936", "updated_at": "2022-07-20T11:19:28.936", "natural_enemies": [1]}}, {"model": "survey.locustappearancedetailinfo", "pk": 74, "fields": {"survey": 135, "egg_pod_detected_area": null, "egg_pod_density_from": null, "egg_pod_density_to": null, "average_number_of_eggs_in_pod": null, "viability_of_eggs": null, "egg_hatching": null, "hopper_age": null, "hopper_stage": null, "hopper_density_from": null, "hopper_density_to": null, "min_density_in_hopper_band": null, "max_density_in_hopper_band": null, "area_of_hopper_bands_in_m2": null, "behaviour": null, "hopper_age_in_band": null, "adult_fledging": null, "adult_maturity": false, "adult_stage": null, "adult_feeding_and_roosting": false, "adult_copulating": null, "adult_laying": null, "adult_flying": null, "swarm_maturity": null, "swarm_density": null, "created_at": "2022-07-20T11:45:47.053", "updated_at": "2022-07-20T11:45:47.053", "natural_enemies": []}}, {"model": "survey.locustappearancedetailinfo", "pk": 75, "fields": {"survey": 136, "egg_pod_detected_area": "50.0000", "egg_pod_density_from": "5.00", "egg_pod_density_to": "10.00", "average_number_of_eggs_in_pod": "40.00", "viability_of_eggs": "90.00", "egg_hatching": null, "hopper_age": null, "hopper_stage": null, "hopper_density_from": null, "hopper_density_to": null, "min_density_in_hopper_band": null, "max_density_in_hopper_band": null, "area_of_hopper_bands_in_m2": null, "behaviour": null, "hopper_age_in_band": null, "adult_fledging": null, "adult_maturity": false, "adult_stage": null, "adult_feeding_and_roosting": false, "adult_copulating": null, "adult_laying": null, "adult_flying": null, "swarm_maturity": null, "swarm_density": null, "created_at": "2022-07-20T11:51:20.880", "updated_at": "2022-07-20T11:51:20.880", "natural_enemies": [1]}}, {"model": "survey.locustappearancedetailinfo", "pk": 76, "fields": {"survey": 137, "egg_pod_detected_area": "5.0000", "egg_pod_density_from": "2.00", "egg_pod_density_to": "5.00", "average_number_of_eggs_in_pod": "30.00", "viability_of_eggs": "90.00", "egg_hatching": null, "hopper_age": null, "hopper_stage": null, "hopper_density_from": null, "hopper_density_to": null, "min_density_in_hopper_band": null, "max_density_in_hopper_band": null, "area_of_hopper_bands_in_m2": null, "behaviour": null, "hopper_age_in_band": null, "adult_fledging": null, "adult_maturity": false, "adult_stage": null, "adult_feeding_and_roosting": false, "adult_copulating": null, "adult_laying": null, "adult_flying": null, "swarm_maturity": null, "swarm_density": null, "created_at": "2022-07-20T13:15:41.824", "updated_at": "2022-07-20T13:15:41.824", "natural_enemies": [1]}}, {"model": "survey.locustappearancedetailinfo", "pk": 77, "fields": {"survey": 138, "egg_pod_detected_area": "5.0000", "egg_pod_density_from": "2.00", "egg_pod_density_to": "5.00", "average_number_of_eggs_in_pod": "30.00", "viability_of_eggs": "90.00", "egg_hatching": null, "hopper_age": null, "hopper_stage": null, "hopper_density_from": null, "hopper_density_to": null, "min_density_in_hopper_band": null, "max_density_in_hopper_band": null, "area_of_hopper_bands_in_m2": null, "behaviour": null, "hopper_age_in_band": null, "adult_fledging": null, "adult_maturity": false, "adult_stage": null, "adult_feeding_and_roosting": false, "adult_copulating": null, "adult_laying": null, "adult_flying": null, "swarm_maturity": null, "swarm_density": null, "created_at": "2022-07-20T13:16:36.482", "updated_at": "2022-07-20T13:16:36.482", "natural_enemies": [1]}}, {"model": "survey.locustappearancedetailinfo", "pk": 78, "fields": {"survey": 139, "egg_pod_detected_area": "12.0000", "egg_pod_density_from": "12.00", "egg_pod_density_to": "21.00", "average_number_of_eggs_in_pod": "12.00", "viability_of_eggs": "12.00", "egg_hatching": 1, "hopper_age": 3, "hopper_stage": 2, "hopper_density_from": null, "hopper_density_to": null, "min_density_in_hopper_band": null, "max_density_in_hopper_band": null, "area_of_hopper_bands_in_m2": null, "behaviour": 3, "hopper_age_in_band": 1, "adult_fledging": null, "adult_maturity": true, "adult_stage": null, "adult_feeding_and_roosting": false, "adult_copulating": null, "adult_laying": null, "adult_flying": null, "swarm_maturity": null, "swarm_density": null, "created_at": "2022-07-29T03:47:16.051", "updated_at": "2022-07-29T03:47:16.051", "natural_enemies": [1]}}, {"model": "survey.locustappearancedetailinfo", "pk": 79, "fields": {"survey": 140, "egg_pod_detected_area": "12.0000", "egg_pod_density_from": "12.00", "egg_pod_density_to": "21.00", "average_number_of_eggs_in_pod": "12.00", "viability_of_eggs": "12.00", "egg_hatching": 1, "hopper_age": 3, "hopper_stage": 2, "hopper_density_from": null, "hopper_density_to": null, "min_density_in_hopper_band": null, "max_density_in_hopper_band": null, "area_of_hopper_bands_in_m2": null, "behaviour": 3, "hopper_age_in_band": 1, "adult_fledging": null, "adult_maturity": true, "adult_stage": null, "adult_feeding_and_roosting": false, "adult_copulating": null, "adult_laying": null, "adult_flying": null, "swarm_maturity": null, "swarm_density": null, "created_at": "2022-07-29T03:47:57.660", "updated_at": "2022-07-29T03:47:57.660", "natural_enemies": [1]}}, {"model": "survey.locustappearancedetailinfo", "pk": 80, "fields": {"survey": 141, "egg_pod_detected_area": "12.0000", "egg_pod_density_from": "12.00", "egg_pod_density_to": "21.00", "average_number_of_eggs_in_pod": "12.00", "viability_of_eggs": "12.00", "egg_hatching": 1, "hopper_age": 3, "hopper_stage": 2, "hopper_density_from": null, "hopper_density_to": null, "min_density_in_hopper_band": null, "max_density_in_hopper_band": null, "area_of_hopper_bands_in_m2": null, "behaviour": 3, "hopper_age_in_band": 1, "adult_fledging": null, "adult_maturity": true, "adult_stage": null, "adult_feeding_and_roosting": false, "adult_copulating": null, "adult_laying": null, "adult_flying": null, "swarm_maturity": null, "swarm_density": null, "created_at": "2022-07-29T04:13:51.821", "updated_at": "2022-07-29T04:13:51.821", "natural_enemies": [1]}}, {"model": "survey.locustappearancedetailinfo", "pk": 81, "fields": {"survey": 142, "egg_pod_detected_area": "2.0000", "egg_pod_density_from": "3.00", "egg_pod_density_to": "6.00", "average_number_of_eggs_in_pod": "30.00", "viability_of_eggs": "70.00", "egg_hatching": null, "hopper_age": null, "hopper_stage": null, "hopper_density_from": null, "hopper_density_to": null, "min_density_in_hopper_band": null, "max_density_in_hopper_band": null, "area_of_hopper_bands_in_m2": null, "behaviour": null, "hopper_age_in_band": null, "adult_fledging": null, "adult_maturity": false, "adult_stage": null, "adult_feeding_and_roosting": false, "adult_copulating": null, "adult_laying": null, "adult_flying": null, "swarm_maturity": null, "swarm_density": null, "created_at": "2022-08-03T15:15:00.362", "updated_at": "2022-08-03T15:15:00.362", "natural_enemies": [3]}}, {"model": "survey.locustappearancedetailinfo", "pk": 82, "fields": {"survey": 143, "egg_pod_detected_area": "2.0000", "egg_pod_density_from": "3.00", "egg_pod_density_to": "6.00", "average_number_of_eggs_in_pod": "30.00", "viability_of_eggs": "70.00", "egg_hatching": null, "hopper_age": null, "hopper_stage": null, "hopper_density_from": null, "hopper_density_to": null, "min_density_in_hopper_band": null, "max_density_in_hopper_band": null, "area_of_hopper_bands_in_m2": null, "behaviour": null, "hopper_age_in_band": null, "adult_fledging": null, "adult_maturity": false, "adult_stage": null, "adult_feeding_and_roosting": false, "adult_copulating": null, "adult_laying": null, "adult_flying": null, "swarm_maturity": null, "swarm_density": null, "created_at": "2022-08-03T15:15:48.658", "updated_at": "2022-08-03T15:15:48.658", "natural_enemies": [3]}}, {"model": "survey.locustappearancedetailinfo", "pk": 83, "fields": {"survey": 144, "egg_pod_detected_area": "4.0000", "egg_pod_density_from": "2.00", "egg_pod_density_to": "6.00", "average_number_of_eggs_in_pod": "20.00", "viability_of_eggs": "70.00", "egg_hatching": null, "hopper_age": null, "hopper_stage": null, "hopper_density_from": null, "hopper_density_to": null, "min_density_in_hopper_band": null, "max_density_in_hopper_band": null, "area_of_hopper_bands_in_m2": null, "behaviour": null, "hopper_age_in_band": null, "adult_fledging": null, "adult_maturity": false, "adult_stage": null, "adult_feeding_and_roosting": false, "adult_copulating": null, "adult_laying": null, "adult_flying": null, "swarm_maturity": null, "swarm_density": null, "created_at": "2022-08-03T15:28:26.605", "updated_at": "2022-08-03T15:28:26.605", "natural_enemies": [3]}}, {"model": "survey.locustappearancedetailinfo", "pk": 84, "fields": {"survey": 145, "egg_pod_detected_area": "4.0000", "egg_pod_density_from": "2.00", "egg_pod_density_to": "6.00", "average_number_of_eggs_in_pod": "20.00", "viability_of_eggs": "70.00", "egg_hatching": null, "hopper_age": null, "hopper_stage": null, "hopper_density_from": null, "hopper_density_to": null, "min_density_in_hopper_band": null, "max_density_in_hopper_band": null, "area_of_hopper_bands_in_m2": null, "behaviour": null, "hopper_age_in_band": null, "adult_fledging": null, "adult_maturity": false, "adult_stage": null, "adult_feeding_and_roosting": false, "adult_copulating": null, "adult_laying": null, "adult_flying": null, "swarm_maturity": null, "swarm_density": null, "created_at": "2022-08-03T15:29:02.126", "updated_at": "2022-08-03T15:29:02.126", "natural_enemies": [3]}}, {"model": "survey.locustappearancedetailinfo", "pk": 85, "fields": {"survey": 146, "egg_pod_detected_area": "4.0000", "egg_pod_density_from": "2.00", "egg_pod_density_to": "6.00", "average_number_of_eggs_in_pod": "20.00", "viability_of_eggs": "70.00", "egg_hatching": null, "hopper_age": null, "hopper_stage": null, "hopper_density_from": null, "hopper_density_to": null, "min_density_in_hopper_band": null, "max_density_in_hopper_band": null, "area_of_hopper_bands_in_m2": null, "behaviour": null, "hopper_age_in_band": null, "adult_fledging": null, "adult_maturity": false, "adult_stage": null, "adult_feeding_and_roosting": false, "adult_copulating": null, "adult_laying": null, "adult_flying": null, "swarm_maturity": null, "swarm_density": null, "created_at": "2022-08-03T15:44:15.632", "updated_at": "2022-08-03T15:44:15.632", "natural_enemies": [3]}}, {"model": "survey.locustappearancedetailinfo", "pk": 86, "fields": {"survey": 147, "egg_pod_detected_area": "4.0000", "egg_pod_density_from": "2.00", "egg_pod_density_to": "6.00", "average_number_of_eggs_in_pod": "20.00", "viability_of_eggs": "70.00", "egg_hatching": null, "hopper_age": null, "hopper_stage": null, "hopper_density_from": null, "hopper_density_to": null, "min_density_in_hopper_band": null, "max_density_in_hopper_band": null, "area_of_hopper_bands_in_m2": null, "behaviour": null, "hopper_age_in_band": null, "adult_fledging": null, "adult_maturity": false, "adult_stage": null, "adult_feeding_and_roosting": false, "adult_copulating": null, "adult_laying": null, "adult_flying": null, "swarm_maturity": null, "swarm_density": null, "created_at": "2022-08-03T15:45:19.167", "updated_at": "2022-08-03T15:45:19.167", "natural_enemies": [3]}}, {"model": "survey.locustappearancedetailinfo", "pk": 87, "fields": {"survey": 148, "egg_pod_detected_area": null, "egg_pod_density_from": null, "egg_pod_density_to": null, "average_number_of_eggs_in_pod": null, "viability_of_eggs": null, "egg_hatching": null, "hopper_age": null, "hopper_stage": null, "hopper_density_from": null, "hopper_density_to": null, "min_density_in_hopper_band": null, "max_density_in_hopper_band": null, "area_of_hopper_bands_in_m2": null, "behaviour": null, "hopper_age_in_band": null, "adult_fledging": null, "adult_maturity": false, "adult_stage": null, "adult_feeding_and_roosting": false, "adult_copulating": null, "adult_laying": null, "adult_flying": null, "swarm_maturity": null, "swarm_density": null, "created_at": "2022-08-05T16:05:46.441", "updated_at": "2022-08-05T16:05:46.441", "natural_enemies": []}}, {"model": "survey.locustappearancedetailinfo", "pk": 88, "fields": {"survey": 149, "egg_pod_detected_area": null, "egg_pod_density_from": null, "egg_pod_density_to": null, "average_number_of_eggs_in_pod": null, "viability_of_eggs": null, "egg_hatching": null, "hopper_age": null, "hopper_stage": null, "hopper_density_from": null, "hopper_density_to": null, "min_density_in_hopper_band": null, "max_density_in_hopper_band": null, "area_of_hopper_bands_in_m2": null, "behaviour": null, "hopper_age_in_band": null, "adult_fledging": null, "adult_maturity": false, "adult_stage": null, "adult_feeding_and_roosting": false, "adult_copulating": null, "adult_laying": null, "adult_flying": null, "swarm_maturity": null, "swarm_density": null, "created_at": "2022-08-05T16:09:42.991", "updated_at": "2022-08-05T16:09:42.991", "natural_enemies": []}}, {"model": "survey.locustappearancedetailinfo", "pk": 89, "fields": {"survey": 150, "egg_pod_detected_area": null, "egg_pod_density_from": null, "egg_pod_density_to": null, "average_number_of_eggs_in_pod": null, "viability_of_eggs": null, "egg_hatching": null, "hopper_age": null, "hopper_stage": null, "hopper_density_from": null, "hopper_density_to": null, "min_density_in_hopper_band": null, "max_density_in_hopper_band": null, "area_of_hopper_bands_in_m2": null, "behaviour": null, "hopper_age_in_band": null, "adult_fledging": null, "adult_maturity": false, "adult_stage": null, "adult_feeding_and_roosting": false, "adult_copulating": null, "adult_laying": null, "adult_flying": null, "swarm_maturity": null, "swarm_density": null, "created_at": "2022-08-05T16:12:32.309", "updated_at": "2022-08-05T16:12:32.309", "natural_enemies": []}}, {"model": "survey.locustappearancedetailinfo", "pk": 90, "fields": {"survey": 151, "egg_pod_detected_area": null, "egg_pod_density_from": null, "egg_pod_density_to": null, "average_number_of_eggs_in_pod": null, "viability_of_eggs": null, "egg_hatching": null, "hopper_age": null, "hopper_stage": null, "hopper_density_from": null, "hopper_density_to": null, "min_density_in_hopper_band": null, "max_density_in_hopper_band": null, "area_of_hopper_bands_in_m2": null, "behaviour": null, "hopper_age_in_band": null, "adult_fledging": null, "adult_maturity": false, "adult_stage": null, "adult_feeding_and_roosting": false, "adult_copulating": null, "adult_laying": null, "adult_flying": null, "swarm_maturity": null, "swarm_density": null, "created_at": "2022-08-05T16:14:53.808", "updated_at": "2022-08-05T16:14:53.808", "natural_enemies": []}}, {"model": "survey.locustappearancedetailinfo", "pk": 91, "fields": {"survey": 152, "egg_pod_detected_area": null, "egg_pod_density_from": null, "egg_pod_density_to": null, "average_number_of_eggs_in_pod": null, "viability_of_eggs": null, "egg_hatching": null, "hopper_age": null, "hopper_stage": null, "hopper_density_from": null, "hopper_density_to": null, "min_density_in_hopper_band": null, "max_density_in_hopper_band": null, "area_of_hopper_bands_in_m2": null, "behaviour": null, "hopper_age_in_band": null, "adult_fledging": null, "adult_maturity": false, "adult_stage": null, "adult_feeding_and_roosting": false, "adult_copulating": null, "adult_laying": null, "adult_flying": null, "swarm_maturity": null, "swarm_density": null, "created_at": "2022-08-05T16:29:52.672", "updated_at": "2022-08-05T16:29:52.672", "natural_enemies": []}}, {"model": "survey.locustappearancedetailinfo", "pk": 92, "fields": {"survey": 153, "egg_pod_detected_area": null, "egg_pod_density_from": null, "egg_pod_density_to": null, "average_number_of_eggs_in_pod": null, "viability_of_eggs": null, "egg_hatching": null, "hopper_age": null, "hopper_stage": null, "hopper_density_from": null, "hopper_density_to": null, "min_density_in_hopper_band": null, "max_density_in_hopper_band": null, "area_of_hopper_bands_in_m2": null, "behaviour": null, "hopper_age_in_band": null, "adult_fledging": null, "adult_maturity": false, "adult_stage": null, "adult_feeding_and_roosting": false, "adult_copulating": null, "adult_laying": null, "adult_flying": null, "swarm_maturity": null, "swarm_density": null, "created_at": "2022-08-05T16:32:41.047", "updated_at": "2022-08-05T16:32:41.047", "natural_enemies": []}}, {"model": "survey.locustappearancedetailinfo", "pk": 93, "fields": {"survey": 154, "egg_pod_detected_area": null, "egg_pod_density_from": null, "egg_pod_density_to": null, "average_number_of_eggs_in_pod": null, "viability_of_eggs": null, "egg_hatching": null, "hopper_age": null, "hopper_stage": null, "hopper_density_from": null, "hopper_density_to": null, "min_density_in_hopper_band": null, "max_density_in_hopper_band": null, "area_of_hopper_bands_in_m2": null, "behaviour": null, "hopper_age_in_band": null, "adult_fledging": null, "adult_maturity": false, "adult_stage": null, "adult_feeding_and_roosting": false, "adult_copulating": null, "adult_laying": null, "adult_flying": null, "swarm_maturity": null, "swarm_density": null, "created_at": "2022-08-05T16:33:55.148", "updated_at": "2022-08-05T16:33:55.148", "natural_enemies": []}}, {"model": "survey.locustappearancedetailinfo", "pk": 94, "fields": {"survey": 155, "egg_pod_detected_area": null, "egg_pod_density_from": null, "egg_pod_density_to": null, "average_number_of_eggs_in_pod": null, "viability_of_eggs": null, "egg_hatching": null, "hopper_age": null, "hopper_stage": null, "hopper_density_from": null, "hopper_density_to": null, "min_density_in_hopper_band": null, "max_density_in_hopper_band": null, "area_of_hopper_bands_in_m2": null, "behaviour": null, "hopper_age_in_band": null, "adult_fledging": null, "adult_maturity": false, "adult_stage": null, "adult_feeding_and_roosting": false, "adult_copulating": null, "adult_laying": null, "adult_flying": null, "swarm_maturity": null, "swarm_density": null, "created_at": "2022-08-05T16:35:55.280", "updated_at": "2022-08-05T16:35:55.280", "natural_enemies": []}}, {"model": "survey.locustappearancedetailinfo", "pk": 95, "fields": {"survey": 156, "egg_pod_detected_area": null, "egg_pod_density_from": null, "egg_pod_density_to": null, "average_number_of_eggs_in_pod": null, "viability_of_eggs": null, "egg_hatching": null, "hopper_age": null, "hopper_stage": null, "hopper_density_from": null, "hopper_density_to": null, "min_density_in_hopper_band": null, "max_density_in_hopper_band": null, "area_of_hopper_bands_in_m2": null, "behaviour": null, "hopper_age_in_band": null, "adult_fledging": null, "adult_maturity": false, "adult_stage": null, "adult_feeding_and_roosting": false, "adult_copulating": null, "adult_laying": null, "adult_flying": null, "swarm_maturity": null, "swarm_density": null, "created_at": "2022-08-05T16:38:26.256", "updated_at": "2022-08-05T17:46:36.760", "natural_enemies": []}}, {"model": "survey.surveyact", "pk": 3, "fields": {"survey": 102, "number": "220300002", "given_date": "2022-07-18", "agronomist": 5, "created_at": "2022-07-18T10:58:01.401", "updated_at": "2022-07-18T10:58:01.401"}}, {"model": "survey.surveyact", "pk": 5, "fields": {"survey": 3, "number": "220300003", "given_date": "2022-07-18", "agronomist": 5, "created_at": "2022-07-18T11:10:34.572", "updated_at": "2022-07-18T11:10:34.572"}}, {"model": "spray_monitoring.activesubstance", "pk": 1, "fields": {"name_uz": "Active Substance One Uz", "name_en": "Active Substance One En", "name_ru": "Active Substance One Ru", "created_at": "2022-06-29T10:47:04.168", "updated_at": "2022-06-29T10:47:04.168"}}, {"model": "spray_monitoring.activesubstance", "pk": 2, "fields": {"name_uz": "Active Substance Two Uz", "name_en": "Active Substance Two En", "name_ru": "Active Substance Two Ru", "created_at": "2022-06-29T10:47:32.998", "updated_at": "2022-06-29T10:47:32.998"}}, {"model": "spray_monitoring.activesubstance", "pk": 3, "fields": {"name_uz": "Active Substance Three Uz", "name_en": "Active Substance Three En", "name_ru": "Active Substance Three Ru", "created_at": "2022-06-29T10:47:55.891", "updated_at": "2022-06-29T10:47:55.891"}}, {"model": "spray_monitoring.formulation", "pk": 1, "fields": {"alpha_code_uz": "Code1Uz", "alpha_code_en": "Code1En", "alpha_code_ru": "Code1Ru", "name_uz": "Formulation One Uz", "name_en": "Formulation One En", "name_ru": "Formulation One Ru", "created_at": "2022-06-29T10:53:00.886", "updated_at": "2022-06-29T10:53:00.886"}}, {"model": "spray_monitoring.formulation", "pk": 2, "fields": {"alpha_code_uz": "Code2Uz", "alpha_code_en": "Code2En", "alpha_code_ru": "Code2Ru", "name_uz": "Formulation Two Uz", "name_en": "Formulation Two En", "name_ru": "Formulation Two Ru", "created_at": "2022-06-29T10:53:58.046", "updated_at": "2022-06-29T10:53:58.046"}}, {"model": "spray_monitoring.formulation", "pk": 3, "fields": {"alpha_code_uz": "Code3Uz", "alpha_code_en": "Code3En", "alpha_code_ru": "Code3Ru", "name_uz": "Formulation Three Uz", "name_en": "Formulation Three En", "name_ru": "Formulation Three Ru", "created_at": "2022-06-29T10:54:35.661", "updated_at": "2022-06-29T10:54:35.661"}}, {"model": "spray_monitoring.insecticide", "pk": 1, "fields": {"active_substance": 1, "name_uz": "Insecticide One Uz", "name_en": "Insecticide One En", "name_ru": "Insecticide One Ru", "concentration": "15%", "formulation": 1, "unit": 1, "is_active": true, "min_dose": "0.500", "mid_dose": "0.750", "max_dose": "1.000", "created_at": "2022-06-29T11:30:49.184", "updated_at": "2022-06-29T11:30:49.184"}}, {"model": "spray_monitoring.insecticide", "pk": 2, "fields": {"active_substance": 1, "name_uz": "Insecticide Two  Uz", "name_en": "Insecticide Two  En", "name_ru": "Insecticide Two  Ru", "concentration": "12%", "formulation": 3, "unit": 2, "is_active": true, "min_dose": "0.100", "mid_dose": "0.200", "max_dose": "0.300", "created_at": "2022-06-29T11:31:36.132", "updated_at": "2022-06-29T11:31:36.132"}}, {"model": "spray_monitoring.insecticide", "pk": 3, "fields": {"active_substance": 3, "name_uz": "Insecticide Three Uz", "name_en": "Insecticide Three En", "name_ru": "Insecticide Three Ru", "concentration": "13%", "formulation": 2, "unit": 3, "is_active": true, "min_dose": "0.300", "mid_dose": "0.300", "max_dose": "0.300", "created_at": "2022-06-29T11:32:41.238", "updated_at": "2022-06-29T11:32:41.238"}}, {"model": "spray_monitoring.insecticideexchange", "pk": 1, "fields": {"insecticide": 1, "sender_region": 1, "receiver_region": null, "sender": 5, "receiver": null, "amount": "1000000.000", "given_date": "2022-08-02", "note": "Tets", "is_approved": true, "created_at": "2022-08-02T23:54:05.458", "updated_at": "2022-08-02T23:54:47.936"}}, {"model": "spray_monitoring.insecticidesyearlyremainder", "pk": 1, "fields": {"insecticide": 1, "region": 2, "amount": "120.000", "year": "2022-01-01", "created_at": "2022-07-23T23:05:01.774", "updated_at": "2022-07-25T19:21:54.101"}}, {"model": "spray_monitoring.insecticidesyearlyremainder", "pk": 2, "fields": {"insecticide": 3, "region": 2, "amount": "12.000", "year": "2022-01-01", "created_at": "2022-07-23T23:05:17.093", "updated_at": "2022-07-25T19:21:46.119"}}, {"model": "spray_monitoring.insecticidesyearlyremainder", "pk": 3, "fields": {"insecticide": 2, "region": 2, "amount": "122.000", "year": "2022-01-01", "created_at": "2022-07-23T23:05:28.745", "updated_at": "2022-07-25T19:21:37.591"}}, {"model": "spray_monitoring.insecticidesyearlyremainder", "pk": 4, "fields": {"insecticide": 3, "region": 3, "amount": "1.000", "year": "2022-01-01", "created_at": "2022-08-02T23:48:39.877", "updated_at": "2022-08-02T23:48:39.877"}}, {"model": "spray_monitoring.insecticidesyearlyremainder", "pk": 5, "fields": {"insecticide": 2, "region": 3, "amount": "123.000", "year": "2022-01-01", "created_at": "2022-08-02T23:48:57.895", "updated_at": "2022-08-02T23:48:57.895"}}, {"model": "spray_monitoring.insecticidesyearlyremainder", "pk": 6, "fields": {"insecticide": 1, "region": 1, "amount": "321.000", "year": "2022-01-01", "created_at": "2022-08-02T23:49:18.863", "updated_at": "2022-08-02T23:53:35.858"}}, {"model": "spray_monitoring.vegetationtype", "pk": 1, "fields": {"name_uz": "Vegetation Type One Uz", "name_en": "Vegetation Type One En", "name_ru": "Vegetation Type One Ru", "created_at": "2022-07-22T19:55:12.638", "updated_at": "2022-07-22T19:55:12.638"}}, {"model": "spray_monitoring.vegetationtype", "pk": 2, "fields": {"name_uz": "Vegetation Type Two Uz", "name_en": "Vegetation Type Two En", "name_ru": "Vegetation Type Two Ru", "created_at": "2022-07-22T19:55:46.864", "updated_at": "2022-07-22T19:55:46.864"}}, {"model": "spray_monitoring.vegetationtype", "pk": 3, "fields": {"name_uz": "Vegetation Type Three Uz", "name_en": "Vegetation Type Three En", "name_ru": "Vegetation Type Three Ru", "created_at": "2022-07-22T19:56:05.420", "updated_at": "2022-07-22T19:56:05.420"}}, {"model": "spray_monitoring.damagelevel", "pk": 1, "fields": {"name_uz": "Damage Level One Uz", "name_en": "Damage Level One En", "name_ru": "Damage Level One  RU", "created_at": "2022-07-22T19:51:16.985", "updated_at": "2022-07-22T19:51:22.445"}}, {"model": "spray_monitoring.damagelevel", "pk": 2, "fields": {"name_uz": "Damage Level Two Uz", "name_en": "Damage Level Two En", "name_ru": "Damage Level Two  RU", "created_at": "2022-07-22T19:51:46.981", "updated_at": "2022-07-22T19:51:46.981"}}, {"model": "spray_monitoring.damagelevel", "pk": 3, "fields": {"name_uz": "Damage Level Three Uz", "name_en": "Damage Level Three En", "name_ru": "Damage Level Three  RU", "created_at": "2022-07-22T19:52:13.001", "updated_at": "2022-07-22T19:52:13.001"}}, {"model": "spray_monitoring.sprayer", "pk": 1, "fields": {"name_uz": "Sprayer One Uz", "name_en": "Sprayer One En", "name_ru": "Sprayer One Ru", "created_at": "2022-06-29T10:50:36.408", "updated_at": "2022-06-29T10:50:36.408"}}, {"model": "spray_monitoring.sprayer", "pk": 2, "fields": {"name_uz": "Sprayer Two Uz", "name_en": "Sprayer Two En", "name_ru": "Sprayer Two Ru", "created_at": "2022-06-29T10:50:58.048", "updated_at": "2022-06-29T10:50:58.048"}}, {"model": "spray_monitoring.sprayer", "pk": 3, "fields": {"name_uz": "Sprayer Three Uz", "name_en": "Sprayer Three En", "name_ru": "Sprayer Three Ru", "created_at": "2022-06-29T10:51:16.616", "updated_at": "2022-06-29T10:51:16.616"}}, {"model": "spray_monitoring.protectiveclothing", "pk": 1, "fields": {"name_uz": "Protective Clothing One Uz", "name_en": "Protective Clothing One En", "name_ru": "Protective Clothing One Ru", "is_active": true, "created_at": "2022-06-29T10:48:52.255", "updated_at": "2022-06-29T10:48:52.255"}}, {"model": "spray_monitoring.protectiveclothing", "pk": 2, "fields": {"name_uz": "Protective Clothing Two Uz", "name_en": "Protective Clothing Two En", "name_ru": "Protective Clothing Two Ru", "is_active": true, "created_at": "2022-06-29T10:49:21.237", "updated_at": "2022-06-29T10:49:21.237"}}, {"model": "spray_monitoring.protectiveclothing", "pk": 3, "fields": {"name_uz": "Protective Clothing Three Uz", "name_en": "Protective Clothing Three En", "name_ru": "Protective Clothing Three Ru", "is_active": true, "created_at": "2022-06-29T10:49:44.250", "updated_at": "2022-06-29T10:49:44.250"}}, {"model": "spray_monitoring.emptycontainersstatus", "pk": 1, "fields": {"name_uz": "Empty Containers Status One Uz", "name_en": "Empty Containers Status One En", "name_ru": "Empty Containers Status One Ru", "created_at": "2022-06-27T19:27:50.421", "updated_at": "2022-06-29T10:55:58.798"}}, {"model": "spray_monitoring.emptycontainersstatus", "pk": 2, "fields": {"name_uz": "Empty Containers Status Two Uz", "name_en": "Empty Containers Status Two En", "name_ru": "Empty Containers Status Two Ru", "created_at": "2022-06-29T10:56:17.687", "updated_at": "2022-06-29T10:56:17.687"}}, {"model": "spray_monitoring.emptycontainersstatus", "pk": 3, "fields": {"name_uz": "Empty Containers Status Three Uz", "name_en": "Empty Containers Status Three En", "name_ru": "Empty Containers Status Three Ru", "created_at": "2022-06-29T10:56:37.708", "updated_at": "2022-06-29T10:56:37.708"}}, {"model": "spray_monitoring.spraymonitoringact", "pk": 12, "fields": {"number": "22010000001", "given_date": "2022-07-23", "district": 3, "territory_name": "Quyioqboy", "geometry": "SRID=4326;MULTIPOINT (-0.047016274183989 0.0201331214561373, 0.032640576828271 0.0011137244290865, -0.004539261572063 -0.0180470335107175)", "fumigator": 5, "infested_area_in_ha": "22.0000", "treated_area_in_ha": "21.0000", "vegetation_type": 1, "vegetation_height_in_sm": "12.0000", "vegetation_cover": 3, "damage_level": 2, "damaged_area_in_ha": "12.0000", "starting_at": "2022-07-22T20:42:18", "ending_at": "2022-07-22T22:42:21", "temperature_at_beginning": "21221", "temperature_at_end": "2121", "locust_age": 2, "is_imago": true, "density": "2.00", "bands": false, "swarms": false, "scattered": false, "locust_stage": 3, "sprayer_model": "wsqw", "atomizer_height_above_ground_in_m": "12.00", "barriers": false, "length_of_barriers_in_m": "12.00", "distance_between_barriers_in_m": null, "average_speed_of_movement_in_km_s": "12.00", "is_clean_protective_clothing": true, "adverse_effect_to_fumigator": false, "is_effected_on_non_target_organisms": false, "note": "wkemc ksd kc", "status": 2, "created_at": "2022-07-22T23:25:34.371", "updated_at": "2022-07-23T15:50:30.598", "locust": [3, 2], "sprayer": [3], "protective_clothing": [1, 3], "empty_containers_status": [3]}}, {"model": "spray_monitoring.spraymonitoringact", "pk": 13, "fields": {"number": null, "given_date": null, "district": 3, "territory_name": "Quyioqboy", "geometry": "SRID=4326;MULTIPOINT (-0.047016274183989 0.020133121456137, 0.032640576828271 0.001113724429086, -0.004539261572063 -0.018047033510717)", "fumigator": 5, "infested_area_in_ha": "22.0000", "treated_area_in_ha": "21.0000", "vegetation_type": 1, "vegetation_height_in_sm": "12.0000", "vegetation_cover": 3, "damage_level": 2, "damaged_area_in_ha": "12.0000", "starting_at": "2022-07-22T20:42:18", "ending_at": "2022-07-22T22:42:21", "temperature_at_beginning": "21221", "temperature_at_end": "2121", "locust_age": 2, "is_imago": true, "density": "2.00", "bands": false, "swarms": false, "scattered": false, "locust_stage": 3, "sprayer_model": "wsqw", "atomizer_height_above_ground_in_m": "12.00", "barriers": false, "length_of_barriers_in_m": "12.00", "distance_between_barriers_in_m": null, "average_speed_of_movement_in_km_s": "12.00", "is_clean_protective_clothing": true, "adverse_effect_to_fumigator": false, "is_effected_on_non_target_organisms": false, "note": "wkemc ksd kc", "status": 1, "created_at": "2022-07-22T23:38:19.515", "updated_at": "2022-07-22T23:38:19.515", "locust": [3, 2], "sprayer": [3], "protective_clothing": [1, 3], "empty_containers_status": [3]}}, {"model": "spray_monitoring.spraymonitoringact", "pk": 14, "fields": {"number": null, "given_date": null, "district": 3, "territory_name": "Quyioqboy", "geometry": "SRID=4326;MULTIPOINT (-0.047016274183989 0.020133121456137, 0.032640576828271 0.001113724429086, -0.004539261572063 -0.018047033510717)", "fumigator": 5, "infested_area_in_ha": "22.0000", "treated_area_in_ha": "21.0000", "vegetation_type": 1, "vegetation_height_in_sm": "12.0000", "vegetation_cover": 3, "damage_level": 2, "damaged_area_in_ha": "12.0000", "starting_at": "2022-07-22T20:42:18", "ending_at": "2022-07-22T22:42:21", "temperature_at_beginning": "21221", "temperature_at_end": "2121", "locust_age": 2, "is_imago": true, "density": "2.00", "bands": false, "swarms": false, "scattered": false, "locust_stage": 3, "sprayer_model": "wsqw", "atomizer_height_above_ground_in_m": "12.00", "barriers": false, "length_of_barriers_in_m": "12.00", "distance_between_barriers_in_m": null, "average_speed_of_movement_in_km_s": "12.00", "is_clean_protective_clothing": true, "adverse_effect_to_fumigator": false, "is_effected_on_non_target_organisms": false, "note": "wkemc ksd kc", "status": 1, "created_at": "2022-07-23T10:17:46.581", "updated_at": "2022-07-23T10:17:46.581", "locust": [3, 2], "sprayer": [3], "protective_clothing": [1, 3], "empty_containers_status": [3]}}, {"model": "spray_monitoring.spraymonitoringact", "pk": 15, "fields": {"number": null, "given_date": null, "district": 3, "territory_name": "Quyioqboy", "geometry": "SRID=4326;MULTIPOINT (-0.047016274183989 0.020133121456137, 0.032640576828271 0.001113724429086, -0.004539261572063 -0.018047033510717)", "fumigator": 5, "infested_area_in_ha": "22.0000", "treated_area_in_ha": "21.0000", "vegetation_type": 1, "vegetation_height_in_sm": "12.0000", "vegetation_cover": 3, "damage_level": 2, "damaged_area_in_ha": "12.0000", "starting_at": "2022-07-22T20:42:18", "ending_at": "2022-07-22T22:42:21", "temperature_at_beginning": "21221", "temperature_at_end": "2121", "locust_age": 2, "is_imago": true, "density": "2.00", "bands": false, "swarms": false, "scattered": false, "locust_stage": 3, "sprayer_model": "wsqw", "atomizer_height_above_ground_in_m": "12.00", "barriers": false, "length_of_barriers_in_m": "12.00", "distance_between_barriers_in_m": null, "average_speed_of_movement_in_km_s": "12.00", "is_clean_protective_clothing": true, "adverse_effect_to_fumigator": false, "is_effected_on_non_target_organisms": false, "note": "wkemc ksd kc", "status": 1, "created_at": "2022-07-29T04:27:44.253", "updated_at": "2022-07-29T04:27:44.253", "locust": [3, 2], "sprayer": [3], "protective_clothing": [1, 3], "empty_containers_status": [3]}}, {"model": "spray_monitoring.spentinsecticide", "pk": 3, "fields": {"spray_monitoring_act": 12, "insecticide": 1, "dose": "1.000", "amount": "1.000", "created_at": "2022-07-22T23:25:34.388", "updated_at": "2022-07-22T23:25:34.388"}}, {"model": "spray_monitoring.spentinsecticide", "pk": 4, "fields": {"spray_monitoring_act": 12, "insecticide": 2, "dose": "2.000", "amount": "3.000", "created_at": "2022-07-22T23:25:34.392", "updated_at": "2022-07-22T23:25:34.392"}}, {"model": "spray_monitoring.spentinsecticide", "pk": 5, "fields": {"spray_monitoring_act": 13, "insecticide": 1, "dose": "1.000", "amount": "1.000", "created_at": "2022-07-22T23:38:19.535", "updated_at": "2022-07-22T23:38:19.535"}}, {"model": "spray_monitoring.spentinsecticide", "pk": 6, "fields": {"spray_monitoring_act": 13, "insecticide": 2, "dose": "2.000", "amount": "3.000", "created_at": "2022-07-22T23:38:19.538", "updated_at": "2022-07-22T23:38:19.538"}}, {"model": "spray_monitoring.spentinsecticide", "pk": 7, "fields": {"spray_monitoring_act": 14, "insecticide": 1, "dose": "1.000", "amount": "1.000", "created_at": "2022-07-23T10:17:46.625", "updated_at": "2022-07-23T10:17:46.625"}}, {"model": "spray_monitoring.spentinsecticide", "pk": 8, "fields": {"spray_monitoring_act": 14, "insecticide": 2, "dose": "2.000", "amount": "3.000", "created_at": "2022-07-23T10:17:46.628", "updated_at": "2022-07-23T10:17:46.628"}}, {"model": "spray_monitoring.spentinsecticide", "pk": 10, "fields": {"spray_monitoring_act": 15, "insecticide": 1, "dose": "1.000", "amount": "1.000", "created_at": "2022-07-29T04:27:44.274", "updated_at": "2022-07-29T04:27:44.274"}}, {"model": "spray_monitoring.spentinsecticide", "pk": 11, "fields": {"spray_monitoring_act": 15, "insecticide": 2, "dose": "2.000", "amount": "3.000", "created_at": "2022-07-29T04:27:44.277", "updated_at": "2022-07-29T04:27:44.277"}}]